0,1,2,3,4,5,6,7,8,9,10,11,12,13,14,15,16,17,18,19,20,21,22,23,24,25,26,27,28,29,30,31,32,33,34,35,36,37,38,39,40,41,42,43,44,45,46,47,48,49,50,51,52,53,54,55,56,57,58,59,60,61,62,63,64,65,66,67,68,69,70,71,72,73,74,75,76,77,78,79,80,81,82,83,84,85,86,87,88,89,90,91,92,93,94,95,96,97,98,99,100,101,102,103,104,105,106,107,108,109,110,111,112,113,114,115,116,117,118,119,120,121,122,123,124,125,126,127,128,129,130,131,132,133,134,135,136,137,138,139,140,141,142,143,144,145,146,147,148,149,150,151,152,153,154,155,156,157,158,159,160,161,162,163,164,165,166,167,168,169,170,171,172,173,174,175,176,177,178,179,180,181,182,183,184,185,186,187,188,189,190,191,192,193,194,195,196,197,198,199,200,201,202,203,204,205,206,207,208,209,210,211,212,213,214,215,216,217,218,219,220,221,222,223,224,225,226,227,228,229,230
6652,5083,4208,755,7066,7010,3347,4208,755,7066,7010,3583,4598,396,4223,396,5534,7106,728,4826,6867,4877,5361,6921,3469,3583,4598,396,4074,3096,396,5534,6921,1409,3836,1910,4897,3181,6921,4367,4890,6921,4654,7215,2981,6103,4654,3042,6867,583,880,705,4636,3403,1303,1037,6921,3088,7136,6921,2990,2290,3583,396,3414,396,5534,6921,3836,661,6921,4367,4890,6921,4654,7215,2981,6921,6103,5861,1579,3042,6867,583,880,6520,3568,6602,1403,6921,1303,1125,6921,4461,6492,6921,435,1079,3583,396,2760,396,5534,4890,4648,6921,2760,3556,4654,2434,1268,4598,3732,6921,2029,3699,880,6996,3583,4598,396,2760,3656,396,5534,6921,2440,844,6105,3856,3836,3872,1268,755,4634,4648,6921,3414,3556,310,1268,4598,3732,6921,2029,3699,880,5815,3583,4598.0,396.0,3414.0,1526.0,396.0,5534.0,6921.0,2440.0,844.0,5998.0,1268.0,755.0,6456.0,158.0,4441.0,6500.0,6921.0,452.0,4392.0,6921.0,6836.0,6921.0,4776.0,3836.0,1734.0,4648.0,6921.0,2760.0,3836.0,3414.0,5977.0,1895.0,5636.0,3836.0,2291.0,4654.0,936.0,6921.0,782.0,755.0,202.0,6921.0,4862.0,755.0,3441.0,1939.0,2833.0,2491.0,4392.0,2920.0,4598.0,2760.0,,,,,,,,,,,,,,,,,,,,,,,,,,,,,,
1089,1518,7125,3401,1969,7010,2811,3284,7126,4223,3583,1412,396,4223,396,5534,7106,1355,6579,1129,2388,4826,6867,4598,1757,4324,6867,2652,6921,3551,3836,7106,6579,1129,1409,3836,1910,1716,2645,1922,1994,6921,4654,7215,2981,3583,396,1716,396,5534,6921,3836,1032,6875,755,1651,3941,6921,4654,7215,2981,3583,396,1032,396,5534,4890,2034,6875,6949,688,7059,6965,1212,173,6301,5227,6921,1716,3362,626,1674,5593,5182,6921,4148,1231,5385,6921,4598,583,6867,3349,5721,4598,6380,1895,3042,5597,6816,5593,2409,1716,4174,5861,5664,2719,2348,3603,3836,5861,4464,2434,3583,4598,396,2645,1677,4725,396,5534,4890,30,2991,6921,1032,5188,5417,3836,1032,3836,1716,3222,6579,1129,4654,2351,6478,3836,4082,4223,6867,1327,5707,2705,3583,4598,396,2351,4223.0,396.0,5534.0,4305.0,1895.0,83.0,1032.0,3362.0,5835.0,1895.0,15.0,1716.0,5182.0,4788.0,4598.0,6314.0,6921.0,3836.0,255.0,1231.0,4356.0,1996.0,6921.0,1895.0,2633.0,1716.0,1322.0,2645.0,1677.0,4725.0,6921.0,2357.0,4598.0,50.0,3836.0,5479.0,6867.0,1716.0,1322.0,4464.0,2434.0,3583.0,4598.0,396.0,2351.0,3656.0,396.0,5534.0,4890.0,3092.0,,,,,,,,,,,,,,,,,,,,,,,,,,,,,,,,
3658,2938,7184,443,6474,6174,7010,3583,161,6814,5534,3347,7184,443,6474,6174,7010,3583,1412,5804,4223,612,5534,7106,728,4826,6867,94,6283,6921,2268,1409,3836,1910,3904,1394,5785,6921,5998,1893,2981,3583,4598,5804,3109,612,5534,6921,3836,1921,755,5151,1245,6921,5998,1893,6516,6080,2095,3583,5804,4087,612,5534,4890,221,6301,3109,6511,3836,5643,4598,4520,5006,2013,3583,4598,5804,6484,612,5534,4305,1895,2784,6716,1409,4598,6621,2869,5462,3583,5804,5400,612,3928,161,755,6994,6921,1587,5348,6921,3533,3583,3101,1193,1971,4890,1760,5534,4890,6573,6484,3362,4598,3113,1895,2201,5998,5182,755,238,6921,1268,755,4801,3583,5804,1983,612,5534,3581,6239,3795,4890,30,4087,2830,1895,3222,5006,6239,2013,5151,755,3180,6921,1587,5348,6921.0,3533.0,3583.0,3101.0,1193.0,1971.0,4890.0,40.0,5534.0,3583.0,5804.0,5151.0,612.0,5534.0,6616.0,1268.0,4598.0,6484.0,1314.0,3359.0,4801.0,3583.0,4598.0,5804.0,6814.0,108.0,612.0,5534.0,880.0,4654.0,5532.0,6867.0,4310.0,4890.0,3092.0,3109.0,3362.0,5835.0,1895.0,3707.0,2347.0,1895.0,4087.0,5644.0,1268.0,4598.0,6814.0,108.0,3836.0,4716.0,4441.0,6616.0,4598.0,3571.0,6867.0,5151.0,1268.0,4598.0,5453.0,3836.0,458.0,1845.0,2618.0,5182.0,1412.0,6563.0,,,,,,,,,,,,,,,,
3658,5365,4612,7010,4612,7010,6921,478,4826,6867,7025,195,6921,2268,3583,4598,5804,4223,612,5534,6921,1910,6734,1567,3583,5804,1567,612,5534,3836,5600,665,6921,5785,6921,4654,2962,2981,3583,4598,5804,1397,612,5534,4890,4648,6921,4598,1397,2830,1895,1481,1567,4826,4598,1397,1314,4766,1755,323,3583,5804,6280,612,5534,6921,1895,5077,4356,1895,4598,1397,2440,2342,3782,3836,2120,878,1409,4654,6280,6921,3836,1567,7106,4100,1895,745,4826,4598,6280,3836,3875,6867,4598,4837,6867,1056,6867,4598,1397,6921,1268,4598,5453,3836,458,1845,2618,72,3836,4648,6921,4598,1397,2830,1567,1895,745,1268,4598,1397,1314,3971,6867,2723,4890,5690,6921,4487,6921,5182,1288,6867,4598,191,4817,3836,2817,6523,220,6921,4598,5239,3836,7100,6867,83,2342,1116.0,2237.0,6921.0,4598.0,1397.0,3836.0,1567.0,7148.0,4826.0,6317.0,6618.0,195.0,4890.0,4812.0,4890.0,6573.0,1397.0,1116.0,867.0,1567.0,6921.0,3836.0,1567.0,1116.0,5112.0,1895.0,3707.0,4025.0,2347.0,4826.0,4598.0,1397.0,1314.0,6280.0,6921.0,4255.0,4598.0,5453.0,3836.0,900.0,1895.0,4598.0,458.0,6523.0,220.0,4890.0,1125.0,4890.0,6365.0,,,,,,,,,,,,,,,,,,,,,,,,,,,,,,,,,
3134,6867,619,3658,3308,7203,7010,195,1270,2268,135,3154,5202,3836,6197,3495,3134,6867,619,101,1839,2012,195,4890,1210,3912,1125,4890,3532,6867,7151,3734,3912,4890,1755,1314,6365,3734,3734,4890,6805,6867,6169,1928,1928,4890,6605,773,1928,1571,4890,3079,1928,3541,4890,1795,1571,5144,4890,3501,1571,4299,4890,5464,3541,2786,4890,6581,4320,5144,5409,4890,422,5144,600,4890,1156,4027,5144,1252,4890,6990,7018,4299,5669,4890,2149,1917,2786,169,4890,2321,6867,6883,600,2634,4890,573,1599,5669,811,4890,6803,4826,4654,913,5669,5123,4890,2253,510,169,896,4890,6437,965,169,1944,4890,1693,3836,2744,275,169,6622,4890,5787,6815,2634,5361,4890,3447,2634,4525,2634,6522,195,4890,1827,6867,4692,811,1125,4890,4187,6691,5123,3912,4890,2253.0,510.0,6622.0,3134.0,6867.0,619.0,3347.0,7010.0,7106.0,728.0,1268.0,195.0,4722.0,2268.0,6871.0,6618.0,3583.0,195.0,5534.0,135.0,3154.0,5202.0,3583.0,5012.0,3603.0,640.0,5534.0,3034.0,5012.0,5885.0,7106.0,880.0,7166.0,299.0,6921.0,896.0,2093.0,3706.0,6921.0,239.0,1964.0,1558.0,3583.0,4598.0,1397.0,5534.0,3583.0,1125.0,5534.0,6197.0,3495.0,3583.0,4598.0,1755.0,5534.0,4890.0,3254.0,5909.0,6965.0,,,,,,,,,,,,,,,,,,,,,,,
3658,6566,5608,7010,3347,7010,7106,728,1412,1757,4324,6867,5031,6921,1608,6921,3583,4598,5804,4074,3096,612,5534,6921,1409,3836,1910,6641,1245,6921,4654,2901,6516,6080,2095,6921,2409,5861,1579,3042,6867,583,3699,880,4559,41,6971,6921,1303,3896,6921,5639,6921,2901,5788,3583,4598,396,1397,396,5534,3836,2219,450,6255,3941,6921,4654,2962,2981,6921,2409,3523,880,624,2995,5419,6921,1341,6921,2901,5019,3583,4598,396,4339,396,5534,4890,5690,6921,4487,6921,5182,1288,6867,4598,5191,1028,728,1409,4598,2573,792,6921,955,7106,5835,4826,6317,6618,2053,688,2965,3823,2381,1778,4890,3028,2703,4890,6573,1397,1116,2598,3836,5981,4339,4598,202,1217,1895,3725,4598,4445,6867,4598,1397,6921,2357,4598,6641,692,3224,3983,6921,3583,396,3425,396.0,5534.0,6043.0,5182.0,4598.0,6272.0,396.0,1182.0,5425.0,396.0,3583.0,3658.0,396.0,6965.0,396.0,1426.0,792.0,5534.0,4890.0,6573.0,1205.0,1217.0,1352.0,2979.0,6516.0,1895.0,819.0,6540.0,3836.0,819.0,6867.0,1676.0,199.0,3836.0,5456.0,6037.0,4598.0,4642.0,7053.0,4826.0,568.0,5058.0,3583.0,5804.0,5919.0,612.0,,,,,,,,,,,,,,,,,,,,,,,,,,,,,,,,,,,,
6652,6562,4208,755,7066,7010,2811,4223,7106,728,1412,559,4324,6867,2562,6988,1409,3836,1910,5395,6826,5785,6921,4654,7215,2981,6103,4654,1579,3042,6867,583,880,4860,660,38,6921,622,1689,6921,1587,5984,1794,3583,396,5395,396,5534,3836,4276,6826,5785,6921,4654,1587,5984,2981,3699,880,5342,2273,38,6921,3189,6921,2273,1884,3583,396,4276,396,5534,3583,3276,5038,6921,396,4654,7037,396,3836,6921,1140,6921,396,4598,1285,396,3968,4890,4648,6921,4276,3693,1895,4249,4598,5395,6826,6413,3836,150,3836,4598,1307,1832,4432,5843,4469,1268,1721,3305,5551,6921,3496,2168,3836,5182,1721,3887,3824,3583,396,4836,5848,396,5534,5182,281,2409,5861,4714,755,4280,3496,3583,4598,396,1628,396,5534,3836,5395,3693,1895,348,4276,1895,6755,915.0,4890.0,5690.0,4487.0,6921.0,4598.0,1285.0,6921.0,4441.0,1857.0,3836.0,3961.0,1288.0,6921.0,4598.0,5239.0,3836.0,7100.0,6867.0,83.0,2342.0,1116.0,2237.0,6921.0,7148.0,4826.0,6317.0,6618.0,195.0,4890.0,4276.0,5037.0,3826.0,3185.0,4598.0,6400.0,6377.0,5315.0,1268.0,6522.0,6965.0,6867.0,1412.0,4223.0,3583.0,4598.0,396.0,6835.0,,,,,,,,,,,,,,,,,,,,,,,,,,,,,,,,,,
771,4241,2066,6652,5190,1089,4344,3823,2902,522,1296,6852,7125,296,7010,3347,296,7010,3583,1028,4598,396,4223,5534,7106,728,3836,6579,1129,1412,6237,4324,6867,3275,4656,6921,1409,3836,1910,522,6274,6921,4367,4890,6921,4654,4802,490,2981,2409,4654,3042,6867,583,5182,1126,386,6921,4802,490,3583,1028,5467,5534,6921,3836,2322,1919,4351,6921,240,6921,2169,3583,331,1895,2979,383,1895,4826,396,2139,2361,6618,4648,6921,5467,7106,1674,5182,4598,583,6867,4892,3371,3140,6757,5967,5201,2182,3836,3693,1895,5077,5085,6227,3836,5085,6921,4781,3836,3887,2354,1895,875,3836,4648,6921,2322,2830,1895,5501,4654,1102,3248,3056,6867,819,6384,5467,206,1074,4598,937,6921,3551,3836,290,3371,3140,6757,5967,1723,4228,4890,6221,206,1352,1359,4598.0,5467.0,1971.0,4890.0,634.0,6921.0,819.0,3371.0,3140.0,6757.0,5967.0,5203.0,1074.0,1412.0,6384.0,755.0,1804.0,62.0,4598.0,5467.0,1971.0,4890.0,2973.0,6921.0,819.0,3371.0,3140.0,6757.0,5967.0,5203.0,1074.0,4835.0,,,,,,,,,,,,,,,,,,,,,,,,,,,,,,,,,,,,,,,,,,,,,,,,,,
3658,4338,4169,6328,7010,2811,4169,6328,7010,3583,4598,5804,4223,612,5534,7106,2388,4826,6867,4598,1089,4321,7125,4324,6867,1089,4321,7125,6921,2268,3583,5804,4074,3096,612,5534,1910,3984,370,5814,4251,5785,3583,5804,6003,612,5534,6921,3836,3984,370,2645,7115,4494,6921,4654,7215,2981,3583,5804,3109,612,5534,4890,4648,6921,6003,7106,4598,1562,6867,819,4866,1895,4598,5381,5804,3984,370,612,3836,4598,5804,3984,370,612,5557,3583,1140,6921,4598,5804,6305,4648,6921,3109,7106,4654,321,755,4712,5258,2095,2440,3362,6557,1895,2979,5457,4826,4654,583,134,2095,3153,4598,5814,1397,1535,6867,6079,6921,4826,2975,3583,4674,2409,4598,5969,4945,183,5534,3583,4598,5804,3109,1445,4648,6921,5182,281,2409,3109,1314,7156,2992,6921,203,4441,389.0,2920.0,31.0,3836.0,2435.0,2677.0,6921.0,3349.0,3824.0,3836.0,5085.0,3824.0,6921.0,3836.0,1011.0,5323.0,6921.0,3109.0,2830.0,1895.0,31.0,5182.0,6298.0,3824.0,2440.0,5258.0,2607.0,4356.0,2342.0,1355.0,5635.0,1409.0,6003.0,3583.0,3478.0,5998.0,2142.0,2528.0,5534.0,4835.0,,,,,,,,,,,,,,,,,,,,,,,,,,,,,,,,,,,,,,,,,,
3658,5365,7101,1832,2134,7010,2811,1065,3396,1752,4223,3583,1412,5804,4223,612,5534,7106,6579,1129,3836,2388,4826,6867,1412,3489,4835,4324,6867,142,6921,2439,3583,4598,5804,4074,3096,612,5534,1409,3836,1910,3647,1402,3796,6921,5785,6921,4654,2981,851,3836,2449,3153,4598,3535,6867,4598,5729,6867,1587,5348,3583,5804,4383,612,5534,6921,3836,5796,3689,6934,6921,4654,2981,851,3836,2449,3153,4598,3535,6867,3546,6038,3583,5804,4451,612,5534,4890,394,6618,4648,6921,4383,7106,1674,5182,4598,583,6867,6921,4148,1231,5385,6921,4788,3836,1475,3710,755,805,6314,6921,947,3836,4445,255,855,2336,4654,4328,2922,6867,2891,6921,2357,3496,4912,3836,805,6921,3673,5583,6921,3147,6921,3836,4248,6082,6921,6071,3836,2552,193,4648,6921,4451,7106,1674.0,5182.0,4598.0,583.0,6867.0,6921.0,4148.0,1231.0,5385.0,6921.0,6647.0,7128.0,3836.0,4648.0,6921.0,4383.0,2830.0,1895.0,2774.0,4451.0,4441.0,4598.0,697.0,6867.0,4633.0,4383.0,5182.0,4788.0,5998.0,2175.0,6647.0,,,,,,,,,,,,,,,,,,,,,,,,,,,,,,,,,,,,,,,,,,,,,,,,,,,
3658,6566,3735,2409,5433,1895,4307,5646,1925,5005,2409,5804,6615,612,312,7010,2811,1908,4223,3583,4598,5804,4223,612,5534,7106,728,4826,6867,7025,3487,6921,3268,3583,4598,5804,4074,3096,612,5534,1409,3836,1910,4343,7020,6921,5785,6921,4654,7215,2981,6921,3699,880,7095,4055,617,6921,1303,5899,6921,3088,2356,6921,2990,3098,6921,4843,3583,5804,4343,612,5534,6921,3836,6046,2534,6921,4654,6097,6516,6080,2095,6921,3699,880,1904,4890,3597,6921,5688,2190,3583,237,5534,6921,996,3583,5804,6046,612,5534,4890,4343,3836,6046,2342,383,1895,220,5038,4826,4654,5804,7037,612,3836,1140,4826,4598,5804,1285,4890,612,4648,6921,4598,1285,5977,1895,638,5182,4598,942,3836,134,6867,4617,6903,2631,4441,4598,1479,6867,6982,5182,4645,2409,4598,5453.0,3836.0,458.0,6867.0,1412.0,4223.0,4890.0,5690.0,6921.0,4487.0,6921.0,5182.0,1288.0,6867.0,4598.0,2005.0,3836.0,4598.0,191.0,5191.0,1845.0,2618.0,5182.0,1412.0,4223.0,6921.0,3836.0,1231.0,1857.0,3836.0,3961.0,1288.0,6921.0,4598.0,5239.0,3836.0,7100.0,6867.0,83.0,2342.0,1116.0,2237.0,6921.0,4598.0,1285.0,3897.0,,,,,,,,,,,,,,,,,,,,,,,,,,,,,,,,,,,,
3658,6701,4180,5586,7010,2811,6902,4775,4223,7106,6579,1129,4826,6867,554,3597,6921,1608,3583,4598,5804,4074,3096,612,5534,1409,3836,1910,2539,2375,1994,6921,4654,6516,2095,4173,851,3836,2449,3153,4598,5789,6867,5013,6921,6103,5861,6741,880,1125,755,195,2103,6921,1255,755,633,6921,1354,6921,4001,6921,804,755,591,6921,5013,4890,3583,4725,1169,3756,4341,755,5697,755,2299,6921,1028,383,1895,4826,5804,761,612,5534,3836,5346,4982,6826,6934,6921,4654,1503,2095,4173,851,3836,2449,3153,4598,5789,6867,957,6921,6103,5861,6741,880,5267,2637,2563,6921,2889,4573,597,6921,2637,4527,6109,6921,957,3583,4725,1169,3756,5421,755,4874,755,1571,6921,1028,383,1895,4826,5804,1836,612,5534,4890,394,6618,3583,6965,5534,5346,7106,4654,4218.0,2095.0,1674.0,5182.0,4598.0,583.0,6867.0,6335.0,7178.0,6921.0,3836.0,6997.0,3961.0,1371.0,755.0,5585.0,92.0,134.0,6921.0,3887.0,3836.0,1205.0,6867.0,4216.0,5082.0,2916.0,4441.0,6460.0,2409.0,582.0,5921.0,1040.0,6921.0,4002.0,2187.0,3478.0,6637.0,2526.0,5182.0,4802.0,5058.0,3836.0,,,,,,,,,,,,,,,,,,,,,,,,,,,,,,,,,,,,,,,,
3658,5083,4551,7010,3583,137,6599,5534,2811,6959,4223,3583,137,6599,5534,3583,1412,5804,4223,612,5534,7106,6579,1129,1268,2562,3597,6921,137,5182,187,1409,3836,1910,6618,3583,195,5534,1468,3920,3396,4103,6921,6934,6921,2409,5861,5012,6741,880,3912,755,1928,650,4631,2563,4231,6921,2906,2198,1194,1179,6921,1571,3871,4300,6921,3516,4191,6921,1468,3836,5861,1620,3757,1355,3410,6684,3583,5804,7037,2929,3583,1125,5534,187,3920,3396,4103,6921,6934,6921,2409,5861,5012,6741,880,4587,2786,650,4631,2563,5172,6921,5859,2841,6867,4150,4300,6921,908,4191,6921,187,3836,5861,1620,3757,1355,3410,6684,3583,5804,7037,2452,612,5534,4890,4648,195,4890,7037,6965,7106,4654,2095,2409,6751,5937,1060,6595,3153,4598,3535,6867,4598,6627,1314,6069,6867.0,1292.0,6921.0,748.0,1674.0,5182.0,4598.0,4923.0,755.0,5867.0,541.0,6921.0,6884.0,6867.0,1276.0,4445.0,6921.0,6790.0,3933.0,3836.0,4512.0,2589.0,4356.0,4890.0,1125.0,4890.0,7037.0,2452.0,7106.0,4654.0,6516.0,6080.0,2095.0,6595.0,3153.0,4598.0,3535.0,6867.0,4598.0,6627.0,1314.0,6069.0,6867.0,1292.0,6921.0,748.0,1674.0,5182.0,5200.0,,,,,,,,,,,,,,,,,,,,,,,,,,,,,,,,,
3658,6395,2999,2363,5673,2562,7060,6921,3469,2778,4385,2144,5492,6921,1028,383,1895,4826,4598,396,1397,396,6921,5182,4598,2878,6867,1755,1922,913,4018,6301,3116,7011,6921,5269,1268,4598,810,6867,4598,1827,6867,4692,3583,195,5534,195,755,1252,478,2562,3912,6921,3469,6921,1268,4598,5035,1180,3836,4385,1627,6921,1028,383,1895,4826,4598,396,115,396,5182,4598,2878,6867,3447,913,4765,4038,4566,6369,3836,471,913,4765,2556,5718,6921,5269,1268,4598,810,6867,4598,5387,6921,1268,4598,1231,1180,6921,1140,383,1895,4826,4598,396,1285,396,6921,3222,6579,1129,1412,6957,6482,3583,4598,396,6482,396,5534,3836,1116,7148,4826,6317,6618,195,4890,649,3823,5588,2363,2504,6573,1397,6921,880,4598,496,3836,1268,4598,2086,6867,4598,115,6921.0,1352.0,451.0,3747.0,4441.0,1880.0,5182.0,2129.0,1895.0,4598.0,5894.0,1144.0,6867.0,3485.0,3087.0,3583.0,396.0,2085.0,396.0,5534.0,4552.0,1895.0,4598.0,115.0,3836.0,1352.0,5077.0,6298.0,1231.0,4356.0,5182.0,281.0,6035.0,4826.0,2342.0,5635.0,5182.0,1412.0,6482.0,4890.0,6295.0,6573.0,6889.0,6867.0,4654.0,5656.0,6867.0,2085.0,,,,,,,,,,,,,,,,,,,,,,,,,,,,,,,,,,
4947,721,7010,6474,6978,3823,4907,5472,3347,7010,7106,478,4877,6023,4890,6871,6618,2863,4304,455,4890,6921,4654,2095,6595,3153,4598,3535,6867,4598,6126,6867,3800,3771,6921,6103,5998,5885,880,4737,755,4815,916,5419,6921,722,6921,2962,6632,3583,5804,59,7106,612,5534,6474,6618,6791,1431,6542,6921,4654,2095,6595,3153,4598,3535,6867,4598,6126,6867,3800,3771,6921,6103,5998,5885,880,6481,755,6300,3568,3657,4300,6921,7152,4890,6312,482,4073,3583,5804,6145,2551,612,5534,4648,6618,3583,6965,5534,3744,6921,6145,2551,3836,6145,1995,1994,3583,5804,6145,1995,612,5534,2342,2573,1895,5998,7071,121,478,4826,6867,2050,5811,6921,5448,3583,4598,5804,6020,4223,612,5534,6921,4305,1895,83,6921,4148,1231,5385,6921,6145,2551,4315,1588,4307,2868.0,6867.0,6145.0,1995.0,3836.0,3744.0,4315.0,5501.0,4598.0,222.0,1800.0,6867.0,6145.0,1995.0,3836.0,4598.0,3227.0,1562.0,6921.0,4174.0,6145.0,1995.0,6921.0,6867.0,4307.0,1517.0,3836.0,6336.0,1175.0,5182.0,4800.0,3583.0,4598.0,5804.0,6020.0,612.0,5534.0,4412.0,3836.0,3583.0,2452.0,5534.0,6352.0,7106.0,5998.0,2664.0,3153.0,4598.0,6020.0,4223.0,5905.0,,,,,,,,,,,,,,,,,,,,,,,,,,,,,,,
6652,6427,5702,5123,755,2171,1822,5281,6042,755,195,5955,6396,2012,1125,6867,2461,4886,7010,2811,448,4223,3583,5804,4223,612,5534,7106,728,4826,6867,7025,5123,6921,2439,6921,1409,3836,1910,6573,4331,755,3161,2090,6921,5785,3836,5861,4051,6353,5409,6743,5182,6062,3583,1140,6921,5804,5928,1268,4598,5035,4637,6921,3836,3583,4654,5534,4654,1876,5844,4218,5772,6867,3651,6066,6921,5785,3583,5804,3651,612,5534,3836,1223,3527,5926,6921,1245,3583,5804,1223,612,3836,1140,2409,3651,6921,4598,5804,127,612,5534,3836,3583,7144,5534,5761,6715,4494,6360,6921,3197,6921,4826,4598,2592,2215,3836,7168,5055,4441,4598,5196,1382,3166,755,6750,7051,5194,6765,5353,3940,3583,4598,5804,3194,755,4397,303,612,5534,6716,1409,3145,6921,1268,4598,1231,4637.0,3583.0,5182.0,6298.0,4410.0,6921.0,4598.0,5804.0,303.0,6499.0,612.0,3836.0,1140.0,2409.0,127.0,6921.0,5804.0,1482.0,612.0,5534.0,4890.0,1482.0,3836.0,1695.0,2342.0,1140.0,4598.0,5804.0,1285.0,4890.0,612.0,2457.0,195.0,4890.0,221.0,4648.0,6921.0,1268.0,2050.0,3734.0,6921.0,2439.0,6921.0,4598.0,974.0,139.0,1695.0,5858.0,1414.0,1164.0,6353.0,5409.0,4975.0,3385.0,3583.0,4598.0,5804.0,5945.0,4760.0,612.0,5534.0,5182.0,4598.0,4754.0,4415.0,5945.0,2662.0,4441.0,4598.0,5140.0,,,,,,,,,,,,
3658,6566,2781,5641,7010,3347,2781,5641,7010,3583,1412,5804,5237,4223,612,5534,7106,6579,1129,4826,6867,7025,5669,6921,137,3583,4598,5804,4074,3096,612,5534,6921,1409,3836,1910,5393,665,6921,5785,6921,4654,7215,2981,3583,4598,5804,4106,612,5534,6921,3836,581,6826,1994,6921,4654,7215,2981,3583,4598,5804,1482,612,5534,4890,394,4648,6921,4598,4106,6921,5593,3836,4174,4307,6867,5861,2185,6921,7106,1674,5182,4598,759,4648,6921,4598,4106,2830,1895,3725,3836,2683,1895,4598,1482,6921,3836,4598,1482,2830,1895,1588,2920,4598,4106,6921,4598,4725,6921,3836,5182,6944,2528,6921,880,3276,4210,2768,6921,4598,4106,4315,3725,3836,1770,6921,3836,4315,454,4598,1231,5944,6867,4598,4106,5926,1895,3725,3836,1770,6921,1895,4598,1482,5926,6921,3836,4598.0,1482.0,4315.0,2494.0,3836.0,1441.0,6921.0,3836.0,4315.0,454.0,4598.0,1231.0,5944.0,6867.0,4598.0,1482.0,5926.0,1895.0,2494.0,3836.0,1441.0,6921.0,2920.0,4598.0,4106.0,5926.0,6921.0,4307.0,6867.0,4598.0,2868.0,3836.0,3315.0,6867.0,4598.0,4725.0,6921.0,2357.0,819.0,6867.0,4598.0,1060.0,2422.0,6867.0,4598.0,2694.0,,,,,,,,,,,,,,,,,,,,,,,,,,,,,,,,,,,,
2496,2134,7010,3347,2496,2134,7010,3583,4223,5534,7106,728,3275,3762,6921,2439,3583,4598,4074,3096,5534,1409,3836,1910,967,4159,1245,6921,6943,5094,3900,1633,6921,4654,7215,6516,6080,2095,3583,4451,5534,6921,3836,3583,3947,5534,4021,1068,5785,4441,4598,3484,6867,6647,5557,4356,3836,6647,134,4826,4332,220,3583,4451,3836,3947,2342,5038,383,1895,220,4826,4654,7037,6921,3836,1140,4826,4598,1285,5534,4890,195,4890,3927,656,7173,5635,220,6921,1412,4223,4315,6256,1268,4598,4074,3096,3836,5208,4174,4598,5748,3478,4693,6867,4451,1322,4356,3836,5628,3496,4826,758,5835,4255,1910,4598,1285,3583,4598,4277,5534,4890,1125,4890,529,6867,6169,4451,4315,5557,6921,5528,6921,3836,4225,6921,4789,1895,3947,6921,4598,396,4021,1068,864,4941,195,396.0,3583.0,1140.0,6921.0,4598.0,1784.0,6891.0,5534.0,6921.0,3836.0,819.0,616.0,4277.0,4356.0,3583.0,1140.0,6921.0,4598.0,4812.0,5534.0,6921.0,4277.0,5628.0,3496.0,3583.0,1140.0,6921.0,4598.0,1546.0,5534.0,,,,,,,,,,,,,,,,,,,,,,,,,,,,,,,,,,,,,,,,,,,,,,,,,,,,
3658,4545,3583,6568,5534,6795,7010,2811,2396,4223,3583,1028,5804,4223,612,5534,7106,2388,4826,2920,4598,1757,4324,6867,2562,6921,7160,6921,1409,3836,1910,6618,1285,1895,1412,121,6231,4807,6678,4902,3684,1506,6921,1652,4994,5511,6921,1253,270,1173,1819,6921,3095,5885,880,5141,5419,6921,6809,4573,4363,5424,1324,568,2597,6921,2743,1409,1095,4934,1660,6669,6921,808,913,6921,5269,4305,1895,4598,4013,32,1895,5138,1409,4598,3971,1268,4598,1304,6867,4877,6921,4374,3583,1028,383,1895,4826,5804,4598,4928,612,5534,6921,6474,5713,2964,1832,6921,4585,4890,6921,4654,7156,6516,2095,2409,3042,6867,583,5182,2750,1173,6870,4726,927,6921,1381,1173,5764,6921,604,6921,5754,6921,874,6921,3836,2743,1409,4765,1443,3817,4826,4766,1755,6921,5182,2401.0,6867.0,3259.0,4013.0,6921.0,2029.0,5182.0,2049.0,6921.0,5627.0,1895.0,5138.0,4598.0,3049.0,6867.0,2562.0,6867.0,2236.0,3583.0,3731.0,1971.0,4890.0,3332.0,5534.0,6921.0,5685.0,4765.0,2356.0,1185.0,6612.0,3713.0,6921.0,6242.0,6224.0,5182.0,5754.0,6921.0,3583.0,1028.0,383.0,1895.0,4826.0,5804.0,1030.0,612.0,5534.0,4890.0,195.0,6173.0,6618.0,2520.0,2052.0,6921.0,6782.0,650.0,6965.0,6921.0,6186.0,195.0,4890.0,5923.0,,,,,,,,,,,,,,,,,,,,,
2726,122,6447,2745,6474,1969,7010,2811,4223,7106,728,1268,1412,4046,4324,6867,4877,6988,1409,3836,1910,5589,6921,5785,6921,4654,1587,5348,1137,2409,5861,3596,5885,3699,880,3574,4317,3773,6921,3618,6921,3533,2368,3583,396,1208,396,5534,3836,5769,375,6921,5785,6921,4654,1994,2409,5861,3596,5885,3699,880,2779,2713,1271,6921,6946,6921,4059,4337,3583,396,6564,396,5534,4890,4145,6921,1208,7106,5182,4598,583,6867,255,1421,3836,4923,4808,83,5037,2979,2908,5075,3478,2177,4826,6900,6176,4890,4145,6564,3693,1895,2494,4598,4356,6867,1208,1268,1274,6867,6564,1322,3632,4890,4145,6921,1208,5112,1895,5077,2726,7213,6921,5479,6921,3836,6179,2882,4356,4441,5823,3010,3583,4450,5534,1421,4441,6564,1322,3632,4156,4598,53,5823,7003,4890,2947,955.0,5835.0,1268.0,1412.0,4324.0,2440.0,4598.0,4520.0,121.0,4315.0,3002.0,4598.0,637.0,1910.0,224.0,6031.0,5530.0,4890.0,195.0,1399.0,2811.0,121.0,1352.0,2979.0,4441.0,4654.0,4748.0,6867.0,5823.0,7003.0,2920.0,4598.0,5707.0,6867.0,1412.0,796.0,4890.0,2811.0,121.0,1352.0,2484.0,4972.0,,,,,,,,,,,,,,,,,,,,,,,,,,,,,,,,,,,,,,,,
3658,5521,4886,7010,4877,6622,6921,6756,4660,7143,7171,5785,664,4334,38,4829,6953,6921,3718,45,7059,5009,706,6618,5758,3819,6921,4663,3836,4766,1755,323,2146,4765,3819,6618,6573,5513,6921,7029,3054,6934,3583,4598,5804,3517,127,612,5534,6921,4147,3541,3527,5785,6921,3836,3311,6888,1469,4103,6934,3583,1140,2409,4598,3517,127,6921,4598,5804,1623,612,3836,3276,5038,5998,5804,127,612,5534,3680,2440,4660,7143,7171,5785,3583,4598,5804,1994,612,5534,3462,1895,3120,3836,3725,6868,1895,2801,7118,1617,6867,4598,1994,3583,4598,5804,6449,2860,612,5534,880,4654,6608,6867,2821,342,2178,6449,4509,3583,4598,5804,3329,1182,612,5534,4441,6818,2051,5838,6867,6868,1895,2821,2899,4890,6573,3349,6867,4598,6449,2860,1409,4598,1994,7106,383,1895.0,5182.0,1412.0,4223.0,4826.0,4598.0,5804.0,3329.0,612.0,4890.0,3089.0,1288.0,6867.0,4598.0,1623.0,8.0,4356.0,1895.0,2979.0,882.0,5182.0,281.0,2409.0,4598.0,3329.0,6921.0,4598.0,1994.0,1352.0,2478.0,1895.0,4598.0,1623.0,4654.0,390.0,2684.0,3583.0,4598.0,5804.0,1623.0,8.0,2189.0,612.0,5534.0,2578.0,1895.0,4182.0,1382.0,6867.0,4598.0,2051.0,5838.0,6867.0,4598.0,3329.0,4890.0,,,,,,,,,,,,,,,,,,,,,,,,,,
3658,6566,1752,4223,2811,1752,4223,3583,4598,5804,4223,612,5534,478,4826,6867,142,1944,6921,3268,3583,4598,5804,4074,3096,612,5534,7106,6579,1129,1409,3836,1910,263,7143,6921,5785,3583,5804,263,612,5534,6921,4654,2962,2981,6921,6103,4654,583,6741,6867,2558,3568,4848,568,6921,1303,1999,6921,2021,6921,2901,1589,6921,3836,6476,7143,6921,3583,5804,6476,612,5534,6921,4654,962,2981,6921,6103,4654,583,6741,6867,56,4890,7061,986,5670,3674,6921,911,755,960,111,4890,263,3836,6476,2342,4040,383,1895,220,5038,4826,4654,5804,7037,612,3836,1140,4826,4598,5804,1285,4890,612,394,4648,6921,6476,7106,1522,1895,4654,4297,121,478,2050,896,6921,2268,2409,5538,3797,6921,5785,3583,5804,694,612,5534,3583,4598,5804,3467,4223,612,5534.0,1895.0,4809.0,3836.0,5528.0,6921.0,3261.0,6921.0,3222.0,2840.0,6921.0,4249.0,6921.0,1880.0,650.0,228.0,6921.0,3490.0,1895.0,3725.0,4154.0,3725.0,4307.0,4445.0,4441.0,4249.0,5182.0,4307.0,5287.0,4648.0,6921.0,6476.0,7106.0,4788.0,4307.0,3710.0,755.0,6496.0,7216.0,4305.0,1895.0,4598.0,3467.0,5591.0,3836.0,4648.0,6921.0,263.0,3362.0,5835.0,1895.0,6134.0,4654.0,885.0,6867.0,4598.0,134.0,6867.0,1585.0,,,,,,,,,,,,,,,,,,,,,,,
3658,11,95,3354,6795,7010,2811,6795,7010,3583,1412,5804,4223,612,5534,7106,728,3836,6579,1129,4826,6867,4598,2634,4835,4845,4324,6867,4877,6921,4028,6921,1409,3836,4148,6028,6921,5785,6921,4654,2273,2981,2409,5861,1579,3042,6867,583,880,169,3746,5419,6921,6465,6921,2273,6921,6322,3583,5804,6028,612,5534,6921,3639,2554,587,4103,6921,6934,6921,4654,3190,2981,2409,5861,1579,3042,6867,583,880,195,755,195,6921,3267,1147,195,755,3748,6921,2445,755,633,6921,2594,6921,5013,3583,5804,2174,612,5534,6921,6028,2174,6927,1994,6921,4654,2095,6516,1409,1617,851,3836,5417,3153,4598,1397,1535,6867,4598,6069,6867,1292,2409,5861,1579,3042,6867,583,880,4357,6921,1706,1125,6921,2712,755,5206,5419,6921,1194,1179,6921,4513,6921,6264,6921.0,3543.0,3583.0,5804.0,6529.0,612.0,5534.0,6921.0,3836.0,1625.0,6851.0,5013.0,6028.0,912.0,4103.0,6921.0,6934.0,6921.0,4654.0,6516.0,6080.0,2095.0,851.0,3836.0,5417.0,3153.0,4598.0,6627.0,1314.0,6069.0,6867.0,1292.0,2409.0,5861.0,1579.0,3042.0,6867.0,583.0,880.0,5821.0,755.0,3229.0,6921.0,568.0,2563.0,6867.0,283.0,4550.0,6921.0,1971.0,4890.0,7114.0,755.0,6807.0,283.0,5419.0,6921.0,3327.0,4191.0,6921.0,1625.0,6921.0,3708.0,4396.0,,,,,,,,,,,,,,,,,,
3658,5083,2627,5097,2781,5641,7010,1409,3836,4148,3697,4469,6542,6921,393,4467,6542,3836,5023,1091,6542,5504,4826,6867,7025,1125,6921,3268,1162,3823,101,2053,688,6554,1125,2504,3775,3081,1125,2053,3522,7012,3823,4613,6671,2781,5641,3559,3541,271,3236,2149,1917,2858,3541,2053,3514,2188,3823,2781,5641,3559,5144,2305,4783,2149,1917,2858,5144,5559,4736,2149,1917,2858,2786,260,1971,5374,2786,2053,4943,3313,2786,5153,1575,6867,4754,6826,4333,2786,1789,1035,6867,4754,6826,4333,5409,100,3637,4555,3692,4890,600,2053,385,1442,6228,600,5295,1971,433,1895,7022,6815,600,2053,3240,4759,600,3176,726,7018,3836,4205,600,2951,6990,7018,600,1131,1710,1252,6457,2321,6867,1339,941,1252,2053,1837,4077,6474,7123,1252,3416,1239,3841,6867,2149,,,,,,,,,,,,,,,,,,,,,,,,,,,,,,,,,,,,,,,,,,,,,,,,,,,,,,,,,,,,,,,,,,,,,,,,,,,,,,,,,,
3658,3473,6990,2627,4929,998,771,2964,6893,57,3347,3333,6921,2272,4432,1089,6615,7125,6921,2538,5886,2066,3711,3254,5909,5826,4193,6658,6474,2849,5558,5060,3078,3047,6828,4741,4890,2134,6474,2019,7010,1910,3766,2941,6921,4367,4890,3836,4959,5929,455,5504,4826,6867,94,1944,6921,2268,6173,6618,3766,2941,6921,4367,4890,6921,2786,755,3576,6921,294,1162,3823,101,2053,195,6554,195,2053,1125,312,4458,5123,271,3413,5520,2987,4890,5123,4938,3447,3692,2312,1895,4598,1075,4890,896,5893,6483,6867,4598,1075,4890,1944,6202,3883,6593,4598,1075,3836,5904,5345,4890,1944,672,5298,6605,5926,4890,6622,5313,6605,5159,4890,6622,3879,1795,4890,6622,2053,3912,2134,6474,3162,6622,2305,1192,1752,5056,3836,2753,4890,6622,5559,487,2337,4890,3597,260.0,1089.0,6615.0,7125.0,4890.0,6283.0,3935.0,6160.0,755.0,2530.0,1752.0,2753.0,4890.0,5924.0,2910.0,2060.0,6867.0,3396.0,4441.0,1752.0,2583.0,4890.0,5134.0,7192.0,1795.0,3836.0,3122.0,4890.0,5134.0,1783.0,2420.0,4890.0,4701.0,,,,,,,,,,,,,,,,,,,,,,,,,,,,,,,,,,,,,,,,,,,,,,,,,
5066,4120,5088,5376,4890,2569,1474,7010,3347,2569,1474,7010,3583,1412,5804,4223,612,5534,7106,728,4826,6867,1412,3487,4324,6867,142,6921,2769,1409,3836,1910,460,5609,6921,1245,6921,4654,7215,6516,6080,2095,3583,5804,5163,612,5534,6921,3836,832,2333,6184,3941,6921,4654,7215,2981,3583,5804,182,5792,612,3836,2409,5163,6921,3276,4654,5804,7037,612,3836,1140,6921,4598,5804,1285,612,5534,4890,6394,4648,6921,5163,5643,4654,5804,832,5331,182,612,6867,1406,3836,364,755,1522,2565,3836,6647,4305,1895,83,4598,2260,5037,2979,1467,5722,1895,2916,3836,6699,4190,5182,6921,3836,3219,1268,5949,1882,6921,5329,6738,445,3836,5373,2916,3699,5182,6921,5949,7196,3478,1231,5518,1134,2403,6913,6921,4826,2633,5412,220,4412,4648,6921,182,5792,6511.0,3836.0,5643.0,4654.0,399.0,3305.0,2409.0,4654.0,5712.0,5808.0,5182.0,5839.0,6867.0,5263.0,4842.0,4412.0,3836.0,4648.0,6921.0,4380.0,182.0,5792.0,3836.0,5163.0,578.0,1895.0,879.0,5163.0,1314.0,5085.0,5804.0,1659.0,612.0,5182.0,4598.0,2493.0,420.0,,,,,,,,,,,,,,,,,,,,,,,,,,,,,,,,,,,,,,,,,,,,,
4208,755,7066,7010,3583,1518,5534,2811,4208,755,7066,7010,3583,4598,396,4223,396,5534,7106,728,3836,6579,1129,4826,6867,2500,1928,6921,3551,6921,3583,4598,396,4074,3096,396,5534,1409,3836,1910,4503,3284,235,6921,5785,6921,4654,7215,2981,2409,1579,3523,880,3859,791,1218,38,6921,6749,6921,798,3016,3583,396,4503,396,5534,6921,3836,665,2304,6921,5785,6921,6936,1509,4654,7215,1994,6921,2409,3523,880,7017,3568,6270,3828,4890,6921,1303,1530,6921,3088,2471,6921,2990,4306,3583,396,1509,396,3478,396,3947,396,5534,4890,394,6301,4503,7106,5182,4598,583,6867,255,2167,6921,4130,6921,3836,389,4356,4156,4598,6138,4328,4464,4174,5861,3732,4464,2434,880,6403,4890,30,1509,7106,5182,4598,583,6867,255,2167,3836,389,4356,4156,4598.0,4485.0,7098.0,2351.0,4174.0,5861.0,4923.0,2232.0,880.0,849.0,4890.0,3092.0,4503.0,3836.0,1509.0,3700.0,4862.0,755.0,3673.0,1676.0,4356.0,3153.0,4598.0,5453.0,3836.0,458.0,1845.0,2618.0,220.0,4890.0,7010.0,5690.0,6921.0,4487.0,6921.0,5182.0,1288.0,6867.0,4598.0,1515.0,,,,,,,,,,,,,,,,,,,,,,,,,,,,,,,,,,,,,,,,,,
6652,6562,296,6474,2134,7010,2811,4223,7106,728,4826,6867,5031,1571,6921,198,3583,4598,396,4074,3096,396,5534,1409,3836,1910,6399,5066,6475,4367,4890,6921,4654,2962,2981,2409,3523,880,6845,5116,6625,2546,5419,6921,1303,4036,6921,18,6921,3553,4974,3583,396,5701,396,5534,3836,70,3334,3666,3583,396,5676,396,5534,6921,3840,650,1779,3798,6430,4458,6921,7090,4038,5092,217,4890,6921,1303,931,6921,18,6921,3553,3958,706,6618,259,1345,4890,394,5701,7106,5182,4598,583,6867,4788,3836,2,6958,2167,6647,4445,4890,5701,2830,1895,3222,5676,15,5182,4598,134,6921,1063,3836,430,6867,5701,1322,3815,4629,995,6647,4445,4890,4487,6921,5701,3836,5676,7148,4826,6317,6618,195,4890,2134,6921,743,6921,6148,6474,5426,4612,2504,3447,4890.0,5676.0,5112.0,1895.0,6222.0,6921.0,5896.0,2409.0,3836.0,830.0,5701.0,5182.0,281.0,2409.0,4598.0,134.0,6867.0,5701.0,1322.0,396.0,5224.0,4774.0,889.0,887.0,396.0,3583.0,1028.0,625.0,5534.0,3836.0,4598.0,5085.0,6921.0,3887.0,3836.0,3172.0,2528.0,4890.0,2547.0,4700.0,4845.0,,,,,,,,,,,,,,,,,,,,,,,,,,,,,,,,,,,,,,,,,
6652,1858,3499,4952,7010,2309,1596,6921,4367,4890,3089,4645,2409,3816,400,5534,3153,4598,3054,6983,1535,6867,4908,6921,4826,2975,6921,4598,5513,1116,3694,4598,121,1409,3836,4148,5312,1895,4598,5844,4767,1268,1274,6867,5312,6867,4598,529,1268,6522,2917,3836,1410,3836,819,2633,3247,4379,6921,2409,5433,1895,4598,1362,6867,4598,6708,5213,6161,6921,3836,2440,1412,4223,2979,5570,4826,5998,3658,1895,6298,4767,4890,2811,4223,5037,2979,4893,5182,1410,3603,6867,4793,3276,6867,83,1352,2979,418,1895,2979,5998,2196,3836,819,6867,83,4674,1352,2979,418,1895,2903,5035,3836,4598,6900,4223,4890,57,4785,4413,6921,4598,5513,1116,3139,1412,4223,4826,6867,4502,1571,6921,3268,4890,4724,3997,6474,4655,3118,4856,6618,544,6429,665,5926,1207,6921,5861.0,5258.0,776.0,4856.0,6618.0,1645.0,4092.0,6934.0,6921.0,5861.0,1094.0,3696.0,4856.0,6618.0,6721.0,5061.0,791.0,7214.0,5061.0,791.0,7214.0,3765.0,483.0,4724.0,3997.0,1469.0,4655.0,1798.0,3118.0,4856.0,6618.0,544.0,6429.0,665.0,1782.0,,,,,,,,,,,,,,,,,,,,,,,,,,,,,,,,,,,,,,,,,,,,,,,
3658,6566,998,771,2964,6893,57,3347,6652,6921,2272,4432,2088,6921,2538,5886,2066,6474,1916,5442,1815,5588,5947,6474,698,1582,646,6125,5988,200,3823,5588,5947,698,7058,3823,4908,6921,4067,2628,4890,4612,6795,7010,6593,4922,2473,6921,4367,4890,3583,5804,1397,612,5534,4855,6007,6116,6921,1245,3583,5804,2971,612,5534,736,4067,3823,2562,1944,6921,137,771,1914,981,2811,4812,2396,4223,3583,1412,5804,4223,612,5534,7106,728,4826,6867,2562,1944,6921,137,3583,3096,5534,6921,1910,4922,5953,6921,5785,3583,5804,1397,612,5534,6921,3836,6341,3950,6921,1245,6921,4654,3074,6516,6080,2095,3583,5804,2971,612,5534,4890,394,4648,6921,4598,1397,4315,4614,6921,5528,6921,3261,3478,3222,2840,6921,1168,3836,3725,4598,4445,1845,2618,1268,3658,6965.0,1426.0,792.0,6921.0,4826.0,4598.0,6900.0,5037.0,2979.0,2975.0,2920.0,5017.0,1895.0,5017.0,5182.0,4645.0,2409.0,4598.0,5453.0,1925.0,3583.0,4598.0,5804.0,3425.0,612.0,5534.0,6921.0,3836.0,2830.0,1895.0,6521.0,4307.0,76.0,3836.0,2014.0,4356.0,2409.0,5433.0,1895.0,4598.0,3425.0,,,,,,,,,,,,,,,,,,,,,,,,,,,,,,,,,,,,,,,,,
3658,382,4180,5586,7010,2811,4180,396,5586,7010,3583,2357,4598,1081,3836,5309,792,6921,1412,396,4223,396,5534,7106,728,3836,6579,1129,1412,2634,4324,6867,5031,4890,783,3583,4598,396,4074,3096,396,5534,1409,3836,1910,4798,1994,6921,4654,2962,1994,3583,396,4798,396,5534,6921,3836,5131,2172,6324,6921,5269,4174,5861,5885,5182,4841,2955,3583,396,5131,396,3836,4890,4674,2409,4798,4890,4598,396,1285,396,5534,4890,6394,4798,3836,5131,861,2440,6921,1409,6220,25,1676,5135,7088,6921,1213,3836,2809,3836,1168,2047,6921,128,2691,5018,4598,6889,6867,583,128,2691,566,5182,5182,4598,549,6867,1186,3715,3836,6688,2607,4356,5182,4598,4754,2590,2096,4890,1297,6921,5182,1288,6867,4598,6011,3836,6867,4598,191,1228,6921,6489,6921,4817,3836.0,2817.0,6523.0,5182.0,1412.0,4223.0,3836.0,6867.0,1231.0,1857.0,3836.0,3961.0,1288.0,6921.0,4598.0,5239.0,3836.0,7100.0,6867.0,83.0,2342.0,1116.0,2237.0,6921.0,4598.0,1285.0,6921.0,1488.0,,,,,,,,,,,,,,,,,,,,,,,,,,,,,,,,,,,,,,,,,,,,,,,,,,,,,,
4819,1010,6125,4612,7010,2811,4819,1010,6125,4612,7010,6921,478,3836,2388,4826,6867,142,195,6921,6550,6921,3583,1412,5804,3194,6599,612,5534,6921,7106,728,1910,6464,4685,4458,3118,6921,4654,7215,1896,1127,3583,4598,5804,5253,612,5534,6921,3836,6464,6664,4612,3118,6921,4654,7215,1896,1127,3583,5804,2855,612,5534,4890,659,5453,4700,6921,2294,6954,625,6921,5182,1412,6599,3222,4598,3171,663,1895,6298,5453,5182,4598,4812,4223,3583,4826,625,4196,5534,4890,394,4648,6921,4598,5253,3836,2855,3222,6579,1129,2440,4307,4812,4223,478,4826,6867,2562,195,6921,198,3583,4826,2975,6921,4598,5804,4812,4223,612,5534,6921,4305,1895,83,2855,844,4307,3484,3939,3836,2700,3836,1817,4821,4356,1895,5253,5182,281,2409,5253,255,5258,2607,3478,6054.0,755.0,2607.0,4356.0,1895.0,5258.0,5530.0,5012.0,3153.0,4598.0,5814.0,1397.0,1535.0,6867.0,6079.0,3583.0,5804.0,6079.0,1535.0,612.0,5534.0,4154.0,17.0,1261.0,6954.0,1500.0,1895.0,2979.0,915.0,5012.0,3583.0,1140.0,6921.0,5804.0,6965.0,,,,,,,,,,,,,,,,,,,,,,,,,,,,,,,,,,,,,,,,,,,,,,,
195,6652,5083,2188,6474,122,6447,1969,7010,2811,4223,7106,6579,1129,1268,2050,5924,6921,3551,6921,3583,4598,396,4074,3096,396,5534,1409,3836,1910,5150,2725,6921,5785,3583,396,3947,396,5534,6921,2409,5998,6741,880,1791,6646,5084,6921,1125,6646,6921,1438,6921,798,1025,3836,1366,6921,5785,3583,396,1366,396,5534,6921,2409,5998,6741,880,1002,568,2522,6921,3088,6601,1240,6921,798,6932,4890,4648,6921,1366,7106,5182,4598,583,6867,3583,986,5534,4788,3836,1475,1672,6647,3583,4598,396,6107,396,5534,1895,364,5179,3583,3461,5534,255,4280,1895,5584,2318,389,1895,364,2573,4174,4598,2728,3836,3583,5487,5534,255,4307,6179,2882,3836,6966,552,4356,1895,2135,6867,4598,6107,1123,5373,1895,4499,2517,3570,220,3583,1140,396,2521,3521,3836.0,4648.0,6921.0,1366.0,7106.0,6644.0,3583.0,3478.0,4315.0,2979.0,6644.0,5534.0,1895.0,5077.0,4280.0,4174.0,4598.0,6107.0,1895.0,1949.0,1434.0,6598.0,728.0,2347.0,1409.0,4307.0,364.0,1522.0,1396.0,3478.0,6813.0,6830.0,3583.0,3276.0,6298.0,2537.0,,,,,,,,,,,,,,,,,,,,,,,,,,,,,,,,,,,,,,,,,,,,,,
3658,2284,6902,4775,4223,2811,121,7106,728,3836,6579,1129,1412,1329,4324,6867,94,6921,4028,1409,3836,1910,2082,665,6921,5785,6921,4654,2981,851,3153,4598,3535,6867,4598,5729,6867,5916,6921,3583,396,2082,396,5534,6921,2409,5998,6741,880,6294,5116,1315,856,217,4890,6921,3289,1706,790,755,2153,6921,1869,6921,2901,6921,4097,6921,3836,1365,6921,5785,3583,396,3118,396,5534,6921,4654,2981,851,3153,4598,3535,6867,2962,6921,2409,5998,6741,880,7164,6875,4561,38,6921,1303,3004,6921,392,6921,3553,6021,4890,4145,6921,2082,7106,4654,2981,6921,83,3362,6179,1213,5182,4149,755,995,6647,6921,3564,3836,6598,650,4356,3583,2357,950,4356,5534,1895,2882,6921,5994,3836,6746,5861,6272,3836,2032,3632,396,5554,4108,5853,4890,4145,6921,3118.0,4654.0,2981.0,1674.0,5182.0,4598.0,583.0,6867.0,255.0,4654.0,4617.0,6921.0,580.0,4963.0,6061.0,4171.0,6921.0,1895.0,7172.0,4598.0,5076.0,4441.0,5856.0,5375.0,4662.0,1268.0,4654.0,1934.0,2922.0,6867.0,3220.0,4700.0,5182.0,4598.0,6777.0,6921.0,1133.0,6921.0,4630.0,3836.0,6810.0,6921.0,5079.0,6248.0,7110.0,3836.0,953.0,,,,,,,,,,,,,,,,,,,,,,,,,,,,,,,,,,,
3658,6295,3463,1895,4888,2860,3583,900,1895,5018,1895,6868,1895,1732,1617,5182,4598,6480,6867,5998,5018,5182,4598,2007,1747,1168,2708,6867,4598,1397,1314,1290,5910,5534,4775,3148,6921,5785,6867,3074,3583,4654,2435,2422,6153,2095,5534,1290,5910,3583,4497,2708,2821,6858,2178,5350,5534,4886,7010,94,6921,5448,803,5623,1469,3611,6921,112,765,5817,38,6921,1571,848,1587,5348,6921,1587,5348,1283,2369,3836,5399,6618,5781,7215,2464,4361,6921,6965,437,1397,6921,4654,3074,755,5798,191,6153,2095,3583,4598,5804,3585,1613,612,5534,6921,4775,437,1394,1397,6921,4654,2435,191,7110,3836,4673,6153,2095,5182,2529,3583,4598,5804,6621,1613,612,5534,6921,4775,3148,6921,5785,6867,3074,6921,4654,2435,2422,6153,2095,5182,2529,3583,4598,5804,1397,612.0,5534.0,6921.0,3836.0,5781.0,7215.0,2464.0,6715.0,2630.0,4387.0,650.0,7144.0,650.0,4654.0,4775.0,2630.0,6921.0,4654.0,3074.0,755.0,5798.0,2422.0,7110.0,3451.0,3583.0,4598.0,5804.0,2630.0,612.0,5534.0,6921.0,1116.0,3694.0,1676.0,121.0,2409.0,3206.0,6567.0,1469.0,6368.0,6921.0,112.0,3583.0,5804.0,3206.0,6567.0,612.0,3478.0,4598.0,5804.0,127.0,612.0,5534.0,2409.0,5433.0,1895.0,4500.0,,,,,,,,,,,,,,,,,,,,,,,,,
6652,4418,296,7010,4441,865,4811,5182,1292,6921,1268,7025,5361,6921,3469,6851,5537,2304,6921,5785,3583,396,4466,396,5534,6921,4654,7215,2095,2409,7005,880,156,6573,5407,6921,3088,2356,6921,2990,6398,6921,4843,6921,7106,4598,5337,3836,4526,6867,4654,311,6480,1895,4401,3042,880,4598,4620,4242,4409,5182,1012,6921,1292,3583,4598,396,4811,396,5534,4890,2811,4811,7106,1694,1895,4401,3042,1268,7025,5361,6921,3469,6921,3836,1412,3860,4223,3583,4598,396,4223,396,5534,478,4826,6867,7025,5669,6921,3469,7106,728,1409,3836,1910,77,2712,1891,1651,1469,3133,1506,3583,396,1055,396,5534,4654,187,2095,6921,2409,7005,880,6820,5724,5289,1935,6921,3892,195,1303,4588,6921,5863,5876,4191,6921,187,6921,1292,3583,4598,396,165,396,5534,3836.0,4466.0,4890.0,195.0,5534.0,6573.0,165.0,3693.0,1895.0,5501.0,4654.0,3056.0,6867.0,4598.0,4811.0,6921.0,4654.0,1865.0,6867.0,4466.0,6921.0,1895.0,4401.0,3042.0,1268.0,7025.0,5361.0,6921.0,3469.0,880.0,4598.0,4620.0,4242.0,4409.0,5182.0,1012.0,6921.0,1292.0,4890.0,1125.0,5534.0,2547.0,4654.0,3056.0,6867.0,4598.0,4811.0,6921.0,4598.0,165.0,7106.0,5450.0,1895.0,4598.0,4520.0,265.0,4433.0,6618.0,6615.0,1791.0,848.0,4238.0,3583.0,600.0,5182.0,402.0,2267.0,5182.0,5534.0,5182.0,4291.0,4442.0,4441.0,4491.0,779.0,6615.0,1791.0,469.0,4156.0,1148.0,3583.0,1928.0
3658,6566,4180,5586,7010,2811,6902,4775,4223,3583,1412,5804,4223,612,5534,6921,2388,4826,6867,169,7025,6921,7160,3583,4598,5804,4074,3096,612,5534,6921,7106,1409,3836,1910,7018,6084,4911,6921,5785,6921,4654,435,1994,3034,5012,5885,7106,4878,6789,1329,4300,6921,1303,6875,6921,6130,740,5510,6921,3491,3583,5804,3003,612,5534,3836,6783,3900,5926,1722,6921,4654,2095,5012,3153,4598,3535,6867,2871,3836,6216,3583,3095,1397,1971,4890,3646,5534,3034,5012,5885,7106,6783,670,6921,7222,5419,6921,3568,5372,6921,3702,3350,3677,3583,5804,6783,612,5534,4890,1466,4648,6921,6783,2830,1895,1481,3003,4826,6783,1314,202,2215,5182,4598,4754,4415,4441,4598,3620,6867,3392,6783,1314,6647,3836,4356,4412,4648,6921,3003,2830,1895,1481,6783,4826,5861,6647,134.0,3696.0,3836.0,1895.0,5077.0,1724.0,3715.0,4356.0,5182.0,6454.0,4412.0,3836.0,4648.0,6921.0,3003.0,3836.0,6783.0,3700.0,1895.0,4480.0,1129.0,1412.0,4223.0,4441.0,4598.0,697.0,6867.0,1317.0,3003.0,4598.0,1217.0,1895.0,3737.0,6298.0,4445.0,3836.0,4356.0,3836.0,6783.0,1895.0,2736.0,,,,,,,,,,,,,,,,,,,,,,,,,,,,,,,,,,,,,,,,,
3658,6566,2989,4281,4753,7010,4432,6474,6871,6151,1973,6542,6474,1875,4367,4890,5031,6622,6921,2439,6173,6618,6151,1973,5376,6921,5144,755,3576,6921,6549,1162,3823,101,2012,195,4890,6554,195,1125,4890,7163,2786,271,3413,2845,2987,2786,4938,3413,3881,2987,1252,5893,3413,6292,2987,5669,6202,2371,1866,169,672,4775,4603,169,5313,5458,4603,2634,3912,4890,7049,4698,6009,6174,6474,6428,811,2305,7151,811,5559,328,4441,887,896,260,4591,1922,5056,5924,3935,6392,2111,6921,1556,821,3836,5335,2111,5134,2910,3582,5814,3836,2521,4701,7192,6152,5814,3836,2521,2740,1783,1492,5182,539,2147,1795,6915,3734,4890,3097,6915,5153,328,4441,539,2147,1795,6915,1789,2111,2189,7060,100,2189,5526,3836,4522,2765,6628,3539,3836,1653,3150,5807,1971,6210.0,1666.0,2780.0,6230.0,928.0,3510.0,2780.0,3937.0,5000.0,6867.0,4641.0,5124.0,2780.0,1928.0,4890.0,2998.0,6921.0,5550.0,6474.0,4515.0,3135.0,,,,,,,,,,,,,,,,,,,,,,,,,,,,,,,,,,,,,,,,,,,,,,,,,,,,,,,,,,,,,
195,3658,1860,688,755,1268,4890,3583,4344,5534,1650,2310,1779,1683,755,2102,2704,1539,3448,3626,5714,6921,6854,5655,6921,141,6921,1483,122,6447,1969,7010,2811,122,6447,1969,7010,3583,396,1412,4223,396,5534,7106,6579,1129,1412,7043,4324,6867,7025,6921,3551,1409,3836,1910,315,3689,6921,4654,435,2981,3583,396,4598,4928,396,5534,6921,3836,986,755,1268,6958,6921,4654,435,2981,3583,396,986,755,1268,396,5534,4890,6554,2547,4700,5182,1412,4223,6921,4598,4748,396,2351,2434,396,1352,1359,4654,2010,2720,1209,1895,2979,6452,4174,4598,4485,7098,2351,2373,6867,4598,3732,6921,2357,6647,3836,4392,1209,1895,2979,361,4154,5129,4255,1409,1665,4935,4598,2010,2720,5468,4598,3732,4890,6965,2351,2434,5037,1553,1268,4654,1853,2010,2720,2409.0,1231.0,2351.0,310.0,4890.0,6573.0,4748.0,396.0,2608.0,3656.0,396.0,1352.0,1359.0,4598.0,2351.0,2434.0,6867.0,4598.0,4928.0,2440.0,7106.0,3223.0,1409.0,986.0,755.0,1268.0,3153.0,4598.0,5453.0,3836.0,458.0,6867.0,1412.0,4223.0,4890.0,6573.0,4748.0,396.0,7126.0,4977.0,396.0,1352.0,1359.0,4598.0,2010.0,2720.0,3836.0,995.0,2916.0,1268.0,83.0,4598.0,2608.0,3656.0,6862.0,4890.0,6874.0,,,,,,,,,,,,,,,,,,,,,,,,,
3658,5807,1236,7010,755,179,4890,4096,3303,6450,4367,4890,3347,7010,728,2388,4598,2786,4324,6867,2562,2268,3583,4598,5804,4074,3096,612,5534,6921,6871,6618,2818,3542,4326,6921,4367,4890,6921,4654,2095,6103,5861,5012,3836,2364,5885,880,4086,6646,4300,6921,4456,6921,6409,2424,6538,3583,5804,2231,612,3478,4598,5804,1397,612,5534,6474,6618,179,4890,4096,3303,6450,4367,4890,6921,2690,6921,6103,5998,5885,880,4697,4829,6527,38,6921,7152,6921,6312,5696,7076,1951,3583,4598,396,2971,396,5534,2738,5282,4648,2231,5156,3733,1895,1481,4598,2971,4826,5998,1953,7145,6867,2231,6921,3836,4598,2971,5156,3733,1895,2979,1674,1409,2231,4826,5998,1953,7145,6921,1268,4598,5453,3836,458,6523,5107,57,6524,6867,4598,191,2817,5182,1412,4223,3836,900.0,1895.0,4598.0,5453.0,3836.0,458.0,4023.0,5182.0,1412.0,4223.0,6921.0,4598.0,2573.0,7148.0,4826.0,6317.0,6618.0,195.0,4890.0,2509.0,2504.0,3089.0,1412.0,4223.0,6921.0,2357.0,4598.0,3384.0,3836.0,4598.0,5309.0,6921.0,4598.0,625.0,5051.0,3836.0,4615.0,3222.0,4598.0,3171.0,1845.0,6631.0,1268.0,6522.0,396.0,6965.0,396.0,,,,,,,,,,,,,,,,,,,,,,,,,,,,,,,,,,,
6652,6566,3860,4223,1285,2811,4223,7106,2388,4826,6867,3275,1757,6921,6756,1409,3836,1910,3167,6089,6921,5785,3323,3568,3742,2731,6921,3699,880,3753,3568,6089,38,6921,6057,6921,2990,1159,3583,1028,396,4165,396,5534,6921,3836,1281,3689,6921,1245,650,1574,6826,6921,5785,3699,880,6236,363,5096,6971,6921,1303,1356,2673,116,6921,4059,6585,3583,1028,396,1574,396,5534,4890,221,6301,1574,7106,1674,5182,4598,1205,3836,3887,6867,396,2715,6796,396,4890,30,6352,7106,4598,3700,3836,2946,6867,4380,2573,2440,4165,5204,2409,1574,5182,4598,3887,3836,6884,6867,1574,4445,3836,6314,3583,396,4753,396,5534,4890,3092,3089,281,2409,4598,4753,6921,4165,3836,1574,2633,3700,1895,4480,1129,4654,637,1895,4598,191,7074,6867,4380,2573,4890,4487,6921.0,5182.0,1288.0,6867.0,4598.0,191.0,5191.0,3836.0,5125.0,6523.0,220.0,6921.0,3836.0,4441.0,1231.0,1857.0,3836.0,3961.0,1288.0,6921.0,4598.0,2573.0,7148.0,4826.0,6317.0,6618.0,195.0,4890.0,2853.0,215.0,2504.0,1991.0,6867.0,7220.0,4890.0,2985.0,4165.0,5981.0,4654.0,6516.0,6921.0,3344.0,755.0,202.0,5686.0,,,,,,,,,,,,,,,,,,,,,,,,,,,,,,,,,,,,,
3658,6566,2999,4612,7010,3347,2999,4612,7010,3583,1412,5804,4223,612,5534,7106,478,4826,6867,2652,5409,6921,6756,6921,1409,3836,1910,6819,5333,1397,1207,3583,5804,3380,612,5534,3836,6819,1183,5903,1245,6921,4654,7215,6516,6080,2095,3583,5804,6053,612,5534,6921,4380,383,1895,3534,4826,4598,5804,1285,612,3836,3276,5038,4826,4654,5804,7037,612,4890,2361,4648,6921,6053,6511,3836,5643,4654,7118,5665,3423,2720,1222,5182,4854,6921,4826,2633,1425,1268,3658,6965,6921,2440,4315,5077,4380,735,3836,4506,7118,5665,3747,1734,3836,4648,6921,6053,3685,5643,4598,2868,6867,4854,5657,1183,5903,1245,6921,4654,7215,6516,6080,2095,3583,5804,6410,612,5534,3836,5998,2142,6867,6053,4890,6410,7106,4598,1562,6867,4654,7118,5665,3423,2720,1222,5182,4854,6921.0,4826.0,2633.0,1425.0,1268.0,3658.0,6965.0,6921.0,2440.0,844.0,7118.0,5665.0,3747.0,1734.0,3836.0,4648.0,6921.0,6053.0,3836.0,6410.0,3700.0,1895.0,4354.0,1676.0,6598.0,3583.0,4674.0,383.0,1895.0,4826.0,4598.0,5804.0,243.0,612.0,5534.0,3153.0,4654.0,3413.0,4223.0,3583.0,4826.0,605.0,,,,,,,,,,,,,,,,,,,,,,,,,,,,,,,,,,,,,,,,
5744,2188,6474,4208,755,7066,7010,2811,5744,2188,6474,4208,755,7066,7010,7106,6579,1129,1268,4502,5924,6921,1608,3583,4598,396,4074,3096,612,5534,1409,3836,1910,4804,1729,6921,1245,3583,5804,3655,612,5534,6921,4441,4356,6867,2317,4098,3583,5804,6269,612,5534,6921,3836,5872,4623,6921,5785,3583,5804,5872,612,5534,3583,1140,6921,3655,6921,6269,6921,3836,5872,2342,383,1895,4826,4598,5804,4067,1285,612,5534,3836,3464,1994,2409,5861,1579,3042,6867,583,5182,7121,6921,5916,3836,5861,5645,6921,3583,1140,6921,5804,3464,612,3478,4598,5804,1397,612,5534,4890,394,4648,6921,4598,4067,1285,3222,4598,4866,1996,1895,4463,4598,4249,6867,4598,4866,6867,3172,2409,5433,1895,6413,6921,5962,6921,6623,3235,6921,6623,5831,6921,6623,1514,6921,3836,6623.0,4168.0,6867.0,2317.0,4098.0,3583.0,4598.0,5804.0,3063.0,3836.0,6070.0,2858.0,612.0,5534.0,3836.0,4598.0,4249.0,6867.0,4598.0,3063.0,3836.0,6070.0,2858.0,4826.0,1766.0,3478.0,6176.0,2117.0,3583.0,4598.0,5804.0,6244.0,3836.0,4648.0,6921.0,3464.0,7106.0,1674.0,5182.0,4598.0,583.0,6867.0,4788.0,3836.0,3887.0,5087.0,2007.0,,,,,,,,,,,,,,,,,,,,,,,,,,,,,,,,,,,
3658,5083,1236,7010,2811,4082,4223,3583,5804,4223,612,5534,7106,728,3836,6579,1129,4826,6867,4877,195,6921,2268,3583,5804,4074,3096,612,5534,1409,3836,1910,2221,2977,6921,5785,3583,5804,1397,612,5534,6921,4654,2962,2981,6921,3836,3471,1245,3583,5804,5603,612,5534,4890,1397,3836,5603,1352,4040,2979,383,1895,220,1968,4826,4654,5804,7037,612,3478,1140,4826,4598,5804,1285,612,1895,1412,4223,4890,4648,6921,4598,1397,2830,1895,2774,5603,4826,5998,1953,7145,1895,5355,3715,4356,4441,4598,1397,6921,3836,5603,7106,4100,1895,5355,6298,4356,1268,4598,5453,1845,2618,4196,4890,3089,1288,6867,4598,191,5191,6523,702,6921,4598,1285,1116,7148,4826,6317,6618,195,4890,4812,3836,3604,4890,2504,4890,4812,4890,5603,1352,5355,4598,4520,4356,6618,755.0,6573.0,5603.0,4315.0,5077.0,4598.0,1397.0,4356.0,4826.0,4654.0,6902.0,1922.0,1469.0,3421.0,5603.0,4890.0,755.0,6573.0,5603.0,1352.0,2979.0,1712.0,4441.0,4598.0,6688.0,3183.0,6867.0,583.0,3607.0,6921.0,2357.0,3421.0,3836.0,5910.0,316.0,,,,,,,,,,,,,,,,,,,,,,,,,,,,,,,,,,,,,,,,,,,,,,,
3658,6566,4551,7010,2811,6959,4223,3583,5804,4223,612,5534,7106,6579,1129,4826,6867,2652,5123,6921,3268,6921,1409,3836,1910,4041,4361,6921,5785,6921,4654,7215,2981,3583,4598,5804,1397,612,5534,6921,3836,856,5725,6902,6368,1207,6921,4654,7215,6516,391,6921,856,5725,515,4092,1245,6921,4654,7215,6516,6080,2095,6921,856,5725,3527,6368,1207,6921,4654,7215,6516,391,6921,3836,856,5725,3527,6368,4092,1245,6921,4654,7215,6516,6080,2095,3583,1140,6921,4598,5804,856,5725,1285,612,5534,3583,3276,6867,4598,1397,3836,4598,856,5725,1285,6921,4654,5804,7037,612,1895,1412,4223,6921,3836,1140,6921,4598,5804,1285,612,5534,4890,394,4648,6921,4598,856,5725,1285,3222,5842,2009,3478,222,6045,2009,3478,7173,3222,1565,1988,6867,5568,1617,3583,4598.0,5804.0,4870.0,719.0,612.0,5534.0,6867.0,4598.0,7118.0,2422.0,6921.0,4497.0,2708.0,2821.0,2451.0,2178.0,5350.0,6921.0,6867.0,4598.0,1397.0,3583.0,4598.0,5804.0,1290.0,5910.0,612.0,5534.0,4826.0,6867.0,4598.0,5707.0,6867.0,1412.0,5591.0,3836.0,4648.0,6921.0,4826.0,6867.0,4598.0,5707.0,6867.0,1412.0,4223.0,6921.0,4598.0,1397.0,3836.0,4598.0,856.0,5725.0,1285.0,3222.0,3948.0,1895.0,5660.0,,,,,,,,,,,,,,,,,,,,,,,,,
195,771,1914,2538,5886,981,6890,998,74,2207,3823,3347,7010,4890,5588,74,2207,346,2970,4432,3956,550,6474,968,4432,2088,4890,5588,771,763,2538,5886,1916,5442,1815,5588,5947,6474,698,1582,4890,6652,5365,680,6921,5785,2889,3280,1874,3088,2471,6921,2990,3390,3583,502,5534,5033,755,3408,296,7010,2811,3860,4223,3583,396,4223,396,5534,7106,728,5998,6579,1129,1268,2050,811,6921,3551,3583,396,4074,3096,396,5534,6921,1409,3836,1910,3902,6921,5785,6921,4654,7215,2981,6921,3699,880,6880,4962,5322,4890,6921,2349,3626,1656,6921,2990,147,3583,396,2730,396,5534,3836,680,6921,5785,6921,6103,5998,6741,880,2889,4573,1874,6921,3088,2471,6921,2990,3390,755,6203,3583,396,680,396,5534,4890,680,6511,3836,5643,4598,2232,3699,880.0,6537.0,3583.0,4598.0,396.0,5490.0,396.0,5534.0,4890.0,195.0,4890.0,6784.0,6867.0,3860.0,4890.0,1733.0,4598.0,4748.0,6867.0,1412.0,4223.0,6921.0,2730.0,1352.0,2979.0,680.0,1322.0,202.0,3696.0,650.0,3449.0,4441.0,4119.0,6921.0,2167.0,6921.0,3836.0,5652.0,3365.0,6921.0,3836.0,680.0,1352.0,4172.0,4654.0,2730.0,4158.0,1268.0,4598.0,396.0,2359.0,396.0,2059.0,,,,,,,,,,,,,,,,,,,,,,,,,,,,,
3658,4701,3583,4845,5534,3583,195,5534,3583,4654,5534,3153,6784,5114,3658,2210,3153,1357,5616,650,4056,4890,4273,4612,7010,3347,7010,6921,478,3836,2388,4826,6867,2562,195,6921,198,3583,1412,5804,4223,612,5534,1910,6464,4685,4458,3118,6921,4654,7215,1896,1127,3583,4598,5804,5253,612,5534,6921,3836,6464,6664,4612,3118,6921,4654,7215,1896,1127,3583,5804,2855,612,5534,6921,2361,6618,4648,6921,4598,5253,6531,4305,1895,2607,3478,2617,2817,3583,5804,733,6815,612,5534,4826,5258,3431,3478,2671,1895,5258,5530,5012,3153,4598,5814,1397,1535,6867,6079,3583,4598,5804,6079,1535,612,5534,4154,17,1261,6954,1500,1895,2979,915,5012,3583,1140,6921,5804,4200,3836,4648,6921,4598,5253,2830,1895,1481,2855,1895,5077,4307,4356,1895,5253,5182,281,2409.0,4598.0,4356.0,1895.0,2979.0,5635.0,1409.0,4598.0,5253.0,3153.0,4598.0,733.0,3641.0,5690.0,6921.0,4487.0,6921.0,4598.0,2573.0,792.0,6921.0,6412.0,1895.0,2979.0,6642.0,262.0,6921.0,7148.0,4826.0,6317.0,6618.0,195.0,4890.0,4812.0,4890.0,2855.0,5112.0,1895.0,5077.0,1895.0,4598.0,5253.0,4598.0,4356.0,3110.0,,,,,,,,,,,,,,,,,,,,,,,,,,,,,,,,,,,,,
1089,6615,7125,3785,998,771,2964,6893,57,3347,3333,6921,2272,4432,2088,6921,2538,5886,2066,6474,1916,5442,1815,5588,5947,6474,698,1582,646,6125,5988,200,3823,5588,5947,698,7058,3823,4908,6921,4067,2628,4890,6652,6701,4907,1010,6125,6956,6474,3827,7010,2811,4024,6599,3583,5804,6599,612,5534,1895,4598,2060,3836,2620,4223,478,7025,195,6921,4028,1910,2230,1994,3583,5804,2230,612,5534,3836,7091,1994,3583,5804,7091,612,5534,3583,4598,5804,4223,612,5534,7106,728,1412,5361,4324,6867,2652,2439,4890,394,6301,2230,3836,7091,3222,5835,1895,3707,4307,4039,1895,4598,6226,6955,3836,1293,1895,5528,5598,3836,6298,4039,3222,854,5182,4654,2377,1895,4598,6248,3836,496,1590,5232,2884,1409,4598,5591,30,277,1895,2457,3912,6867,4598,4223,6921.0,2230.0,3836.0,7091.0,3222.0,758.0,5835.0,1895.0,3944.0,6417.0,4598.0,6764.0,4441.0,2278.0,983.0,1845.0,2618.0,1268.0,3658.0,1858.0,3836.0,1895.0,2762.0,1845.0,4654.0,6248.0,1590.0,4441.0,3344.0,755.0,1865.0,995.0,5628.0,4890.0,5690.0,7059.0,,,,,,,,,,,,,,,,,,,,,,,,,,,,,,,,,,,,,,,,,,,,,,
195,6652,4649,6795,7010,2811,2396,4223,3583,4598,396,4223,396,5534,7106,728,3836,6579,1129,4826,6867,2562,195,6921,937,6921,1409,3836,1910,1395,555,4812,6921,5785,6921,4654,435,2981,3583,396,5192,396,5534,6921,3836,555,4812,6921,5785,6921,4654,435,2981,3583,396,6120,396,5534,4890,6394,6120,3583,3478,5035,6867,5861,4638,1231,6574,5192,5534,844,4307,2014,4356,3836,1104,4251,4812,3583,4826,625,4196,5534,1895,4582,3583,396,2479,396,5534,4305,1895,4598,5453,6867,2817,2409,6298,2479,3583,4598,396,3947,6815,396,5534,4826,6867,2562,195,6921,937,4890,6120,2830,2440,5192,5077,6921,3836,5192,7106,4100,1895,5077,6921,4598,1104,4251,4812,1895,4598,2479,1268,1274,6867,6120,5182,4645,2409,4598,5453,3836,458,6867,1412,4223,4890,1297.0,6921.0,5182.0,1288.0,6867.0,4598.0,191.0,4817.0,3836.0,2817.0,1845.0,2618.0,4196.0,6921.0,4598.0,2573.0,7148.0,4826.0,6317.0,6618.0,949.0,195.0,4890.0,4612.0,5212.0,1399.0,6474.0,3068.0,2504.0,7010.0,6125.0,7101.0,1332.0,4458.0,4612.0,4890.0,6120.0,5112.0,1895.0,6521.0,1895.0,5192.0,6921.0,3836.0,1116.0,4296.0,,,,,,,,,,,,,,,,,,,,,,,,,,,,,,,,,,,,
3658,820,6990,3583,6543,6921,4441,7142,3185,5534,6902,4775,4223,2811,6902,4775,4223,3583,5804,4223,612,5534,7106,4893,1268,1412,3866,4324,6867,3275,6921,6756,3583,5804,95,3096,612,5534,1409,3836,1910,4215,4469,4367,4890,6921,4654,2095,6595,3153,4598,3535,6867,6264,3583,5804,4215,612,5534,6921,3836,2536,3880,6934,3583,5804,2536,3880,612,5534,6921,4654,2095,6595,3153,4598,3535,6867,4598,6627,1314,6069,6867,1292,3583,5804,2248,612,5534,4890,4215,3836,2536,3880,1352,1140,2979,383,1895,4826,4598,5804,1285,4890,612,4648,6921,2536,3880,3468,3518,4441,5258,4541,83,2342,729,5530,5182,2379,6921,1892,6921,3478,1132,3931,6810,6921,844,2531,3885,1895,6545,6688,4973,6921,3836,3534,1617,4598,4071,583,6619,6867,4598,3931,1168,5182,2131,2512.0,4215.0,7106.0,4654.0,729.0,2095.0,1674.0,5182.0,4598.0,5562.0,3836.0,5986.0,4356.0,6867.0,4675.0,4904.0,3836.0,6379.0,5336.0,1293.0,2315.0,4890.0,4648.0,6921.0,4215.0,3836.0,2536.0,1407.0,,,,,,,,,,,,,,,,,,,,,,,,,,,,,,,,,,,,,,,,,,,,,,,,,,,,,,
