0,1,2,3,4,5,6,7,8,9,10,11,12,13,14,15,16,17,18,19,20,21,22,23,24,25,26,27,28,29,30,31,32,33,34,35,36,37,38,39,40,41,42,43,44,45,46,47,48,49,50,51,52,53,54,55,56,57,58,59,60,61,62,63,64,65,66,67,68,69,70,71,72,73,74,75,76,77,78,79,80,81,82,83,84,85,86,87,88,89,90,91,92,93,94,95,96,97,98,99,100,101,102,103,104,105,106,107,108,109,110,111,112,113,114,115,116,117,118,119,120,121,122,123,124,125,126,127,128,129,130,131,132,133,134,135,136,137,138,139,140,141,142,143,144,145,146,147,148,149,150,151,152,153,154,155,156,157,158,159,160,161,162,163,164,165,166,167,168,169,170,171,172,173,174,175,176,177,178,179,180,181,182,183,184,185,186,187,188,189,190,191,192,193,194,195,196,197,198,199,200,201,202,203,204,205,206,207,208,209,210,211,212,213,214,215,216,217,218,219,220,221,222,223,224,225
682,2663,5967,6034,18,5082,5332,4340,4340,3496,4064,378,1836,3578,3496,4064,378,1836,2570,758,4600,5081,7034,4380,424,4058,4108,5188,638,680,573,6303,5611,3696,679,3747,3761,6303,638,680,573,6303,5611,3696,2570,4600,1017,5797,7034,4380,424,6480,679,2960,2570,1974,4380,3675,7003,424,1616,2570,4600,3675,7034,4380,424,1974,423,3532,2570,2725,4902,4380,2751,5873,4340,424,5472,1621,6559,4204,6303,4146,4425,5967,6034,18,5082,424,5332,4340,424,4340,424,2570,2161,4380,3675,2830,424,1616,2570,4600,3675,2275,7034,4380,424,1974,423,3532,2570,2725,4902,4380,2751,5873,4340,424,5472,1621,6559,4204,6303,4146,4425,5967,6034,18,5082,424,5332,2474,2570,1473,4380.0,5733.0,851.0,2570.0,2296.0,4380.0,6852.0,2570.0,4600.0,851.0,2296.0,7034.0,4380.0,424.0,1974.0,3532.0,2751.0,5873.0,638.0,3974.0,5368.0,1072.0,5472.0,423.0,4946.0,424.0,2279.0,3931.0,1831.0,6595.0,4425.0,5914.0,6449.0,424.0,453.0,4871.0,424.0,2638.0,6882.0,3368.0,385.0,4852.0,1493.0,424.0,385.0,692.0,831.0,424.0,5982.0,4785.0,424.0,6744.0,2570.0,1030.0,4380.0,5733.0,851.0,6253.0,2570.0,4600.0,7058.0,2275.0,7034.0,4380.0,424.0,1974.0,3532.0,2751.0,5873.0,638.0,7001.0,1072.0,5472.0,,,,,,,,,,,,,,,,,
682,2072,4590,2687,6164,6921,4553,69,1836,1957,4590,2687,6164,6921,4553,69,1836,2570,758,4600,5721,7034,4380,6595,6018,679,4058,4108,3747,3761,6303,159,6307,424,7081,2570,638,4600,1017,5797,7034,4380,6480,679,2960,2570,2677,4380,2676,1996,424,1974,5370,3456,2570,4600,2676,1996,7034,4380,679,2676,1106,424,6253,424,1974,3612,3456,2570,4600,2676,1106,7034,679,5269,5472,2676,1996,424,638,4600,2676,1805,7034,4380,424,679,2570,1304,4380,4009,2200,2674,424,2991,424,1974,6243,3456,2570,4600,4009,7034,4380,424,4009,2200,1841,3604,424,6253,424,1205,5645,3456,2570,4600,4009,2275,7034,4380,679,6170,4009,4402,2674,424,2991,424,1974,6736,3469,5150,6303,5923,3532.0,2570.0,4600.0,4354.0,7034.0,679.0,5269.0,5472.0,4009.0,679.0,4009.0,2275.0,424.0,638.0,4600.0,4009.0,1805.0,7034.0,4380.0,424.0,3761.0,1205.0,4157.0,1864.0,2887.0,528.0,5954.0,6896.0,5081.0,4059.0,5147.0,840.0,424.0,2611.0,6480.0,679.0,2960.0,1111.0,3212.0,424.0,6253.0,2570.0,4600.0,1111.0,3212.0,7034.0,4380.0,424.0,1111.0,1996.0,2570.0,4600.0,1111.0,1996.0,7034.0,4380.0,679.0,1111.0,2275.0,424.0,6253.0,2570.0,4600.0,1111.0,2275.0,7034.0,679.0,5269.0,5472.0,1111.0,3212.0,679.0,1111.0,1996.0,424.0,638.0,4600.0,1111.0,1805.0,7034.0,4380.0,679.0,638.0,4009.0,1805.0,424.0,3761.0,1920.0,424.0,2150.0
682,5303,1512,399,1836,1957,4069,2515,5081,2570,758,4600,5081,7034,4380,424,3747,3761,6303,3902,6831,424,3762,2570,638,4600,1017,5797,7034,4380,424,6595,6480,679,5602,5422,1738,1628,424,6253,424,1974,2228,1846,2279,6073,3989,6595,7022,6870,7067,4734,424,3377,4020,424,6319,486,6884,424,5668,2570,4600,4835,7034,4380,679,3623,2053,2181,4947,424,1974,3532,6073,5523,638,5844,6303,5237,679,1657,2570,1758,2478,3064,3632,1163,4380,2279,6073,3989,6595,3623,2462,424,6691,6264,424,4507,2531,424,5262,4078,1937,2570,4600,3623,7034,4380,3632,4656,3223,424,3623,2868,1864,3017,4835,3761,3623,534,7053,4594,5873,638,2036,975,6019,638,6727,6303,4392,3623,534,454,679.0,6531.0,3284.0,3223.0,424.0,4835.0,2868.0,1864.0,3017.0,3623.0,3761.0,1621.0,454.0,5497.0,5212.0,679.0,1864.0,3250.0,3192.0,3606.0,6531.0,5873.0,2013.0,3284.0,679.0,3223.0,424.0,4835.0,679.0,3623.0,5100.0,1864.0,4448.0,4108.0,758.0,5081.0,6019.0,638.0,5456.0,6303.0,6408.0,4835.0,638.0,6639.0,1864.0,7013.0,2290.0,5688.0,679.0,6531.0,679.0,3623.0,1864.0,4610.0,,,,,,,,,,,,,,,,,,,,,,,,,,,,,,,,,,,,
2047,6235,2300,4064,2625,836,1836,1957,5121,4064,5243,2174,5081,2570,638,4600,5081,7034,4380,6595,6018,679,4058,4108,3761,6303,758,415,573,6303,2124,5460,424,6480,679,5602,2911,1846,424,2570,4199,2535,1864,3761,4600,2240,7034,4380,679,1775,1772,424,1974,5123,3532,424,5472,1621,6559,3989,4425,3985,6449,424,3064,3632,4549,424,5071,6005,424,3171,1631,6264,424,1141,831,424,1721,6292,2570,4199,2535,1864,3761,638,4600,2174,7034,4380,3632,4464,3223,424,2174,2868,1864,816,424,1974,6202,1333,6303,2240,6019,528,6251,1651,6343,73,2240,1559,1864,3229,1621,5688,4230,2174,5188,1974,2775,7123,5188,638,705,679,5671,2510,3707,1397,3632,1836,448,424,5003,424,5873.0,1435.0,6303.0,638.0,4907.0,4133.0,679.0,2476.0,424.0,2240.0,679.0,638.0,2174.0,2518.0,3761.0,43.0,6107.0,2677.0,3632.0,1663.0,2396.0,4600.0,4732.0,5422.0,7034.0,6303.0,1974.0,5980.0,2381.0,5090.0,1374.0,1475.0,4543.0,6480.0,2887.0,5980.0,1864.0,638.0,6579.0,5980.0,3824.0,1864.0,758.0,5081.0,1291.0,6595.0,5873.0,4393.0,424.0,5809.0,424.0,1149.0,,,,,,,,,,,,,,,,,,,,,,,,,,,,,,,,,,,,,,
1512,399,1836,1957,1512,399,1836,2570,638,4600,5081,7034,4380,6595,4058,4108,3761,6303,5147,1872,424,2048,2570,638,4600,1017,5797,7034,4380,424,5602,2659,5292,2175,3632,424,1974,3612,1846,2570,4600,2533,7034,4380,679,1421,6851,2175,3632,424,1974,2153,1846,2570,4600,7184,7034,4380,3632,3223,424,2533,1345,269,424,5177,679,3036,1974,3840,424,6458,5227,5807,6431,3648,1995,4429,6303,6502,5188,4064,5474,3099,1195,679,3713,6431,6019,5750,3808,4064,4696,424,3848,564,3012,424,2066,4064,2507,992,1326,2570,638,4600,3196,7034,4380,3284,3223,424,638,3196,6595,638,4623,6303,5620,5779,1475,424,3848,5916,1451,423,1864,2427,424,5439,424,1908,640,424,6142,4064,4379.0,424.0,679.0,210.0,1475.0,4945.0,6480.0,2533.0,3284.0,3223.0,424.0,7184.0,6595.0,1974.0,800.0,4064.0,1941.0,3345.0,3364.0,679.0,1333.0,6303.0,992.0,1326.0,6597.0,679.0,6595.0,5499.0,6303.0,4821.0,1621.0,1298.0,4297.0,6391.0,638.0,2036.0,975.0,424.0,679.0,3223.0,424.0,7184.0,679.0,2533.0,2662.0,5499.0,6303.0,5479.0,638.0,3196.0,6431.0,,,,,,,,,,,,,,,,,,,,,,,,,,,,,,,,,,,,,,,
682,3507,960,2619,2687,5168,1836,2570,642,4987,4380,3578,960,2619,2687,5168,1836,2570,758,4600,5081,7034,4380,6595,6018,3761,6303,5132,7041,424,7081,6480,679,5602,2065,2275,6253,424,1205,3425,3456,2570,638,4600,1393,7034,4380,424,679,1808,4064,915,4167,424,1205,3425,423,4946,3532,2570,4600,4290,7034,4380,3632,4024,333,1393,332,679,3929,638,2597,2116,1914,2570,638,4600,6439,7034,4380,3824,1864,4385,3108,6480,638,4913,7003,4775,2570,4600,3790,7034,36,642,4064,2770,424,3163,63,424,4704,2570,1376,2709,3064,3632,3638,4380,3632,2514,6439,1345,638,759,1864,4254,1205,5873,4064,4848,424,5188,4064,7192,2570,4600,2346,7034,4380,4644,5198,1109,3632,6513,4290.0,2868.0,1864.0,4164.0,2116.0,5198.0,1914.0,915.0,4064.0,2429.0,424.0,3163.0,63.0,424.0,4704.0,2570.0,1376.0,2709.0,3064.0,3632.0,2702.0,4380.0,2570.0,4600.0,915.0,7034.0,4380.0,2374.0,5188.0,638.0,6439.0,534.0,3373.0,7192.0,2570.0,638.0,4600.0,4987.0,900.0,7034.0,4380.0,4425.0,1974.0,845.0,6303.0,6425.0,3632.0,191.0,1393.0,1345.0,5658.0,1864.0,880.0,3281.0,1864.0,4290.0,1107.0,5188.0,638.0,4987.0,900.0,679.0,1613.0,6019.0,2374.0,638.0,2258.0,6303.0,915.0,5188.0,638.0,705.0,679.0,5671.0,2510.0,3707.0,5873.0,758.0,132.0,,,,,,,,,,,
682,5303,2496,1836,1957,2070,5081,2570,4600,5081,7034,4380,6595,4058,4108,3761,6303,2124,2677,424,1753,424,6480,679,5602,6026,3632,693,424,6253,424,1974,3612,3456,2570,638,4600,2478,7034,4380,424,679,3810,2790,893,2976,424,4167,2570,4600,3810,2790,7034,4380,424,3810,2790,6751,424,3810,5512,2367,6751,424,3810,2790,898,2367,424,6751,424,3967,1237,5514,2976,424,4167,679,16,3967,2570,5931,424,638,4600,3810,1805,7034,4380,2570,2035,6303,638,2478,424,5188,638,4793,6506,424,679,638,3810,1805,424,5188,638,6579,6506,424,1974,4600,1309,7034,1864,758,5081,424,679,5931,424,638,4600,1805,7034,4380,3632,2600,3223,424,638,3810,1805,4164,4242,6431,3551.0,3211.0,4194.0,6431.0,3551.0,7059.0,4164.0,7089.0,3518.0,6303.0,2970.0,104.0,6303.0,638.0,370.0,1797.0,424.0,2635.0,7030.0,5129.0,171.0,3460.0,4297.0,424.0,6303.0,638.0,2478.0,2570.0,638.0,4600.0,4877.0,3831.0,7034.0,4380.0,3761.0,6303.0,638.0,3686.0,6303.0,758.0,2746.0,3223.0,424.0,3810.0,2790.0,7175.0,1974.0,1228.0,1864.0,638.0,2478.0,5188.0,5324.0,3943.0,424.0,1753.0,2570.0,638.0,4600.0,2267.0,6965.0,7034.0,4380.0,3333.0,1974.0,6076.0,6303.0,3556.0,3850.0,1864.0,816.0,4490.0,1864.0,,,,,,,,,,,,,,,,,
682,5462,4998,4131,441,6080,5081,4061,2059,1409,2796,5290,1836,1957,6915,5081,2570,758,4600,5081,7034,4380,6595,4058,4108,3747,3761,6303,243,4635,424,4694,424,2570,638,4600,1017,5797,7034,4380,6480,679,5602,5045,7204,2594,5102,5514,2234,424,1974,4676,6303,4067,6279,2181,424,6253,2570,4600,4067,7034,4380,424,3761,3476,6019,6288,4099,4067,4436,1846,2570,4600,3251,5173,7034,4380,424,679,787,424,6253,2570,4600,1393,7034,4380,3632,4067,679,1393,2662,5931,2535,1864,3761,638,4600,4791,7034,679,2035,4313,3761,1974,4600,5980,3632,7034,2600,6107,3223,424,3251,5173,332,638,376,1864,1250,424,1683,424,5275,424,679,7013,1158,4529,606,5188,638,2939,424,1152,424.0,2929.0,424.0,4232.0,2235.0,5825.0,679.0,5423.0,1184.0,6299.0,2570.0,5931.0,424.0,638.0,4600.0,1362.0,7034.0,4380.0,3771.0,5873.0,638.0,4021.0,3892.0,6289.0,2510.0,3707.0,5188.0,682.0,6997.0,3002.0,4083.0,2570.0,4313.0,424.0,638.0,4600.0,7019.0,7034.0,679.0,5931.0,424.0,638.0,4600.0,1934.0,424.0,7034.0,679.0,5503.0,591.0,3761.0,4600.0,34.0,6562.0,4380.0,7034.0,679.0,4600.0,6692.0,4662.0,,,,,,,,,,,,,,,,,,,,,,,,,,,,,,,
2047,3245,3754,2687,1684,1836,1957,6745,679,3301,5081,2570,758,608,5081,608,4380,6595,4058,5188,758,6270,573,6303,159,424,4241,679,6595,6197,3747,3761,6303,159,2677,424,4241,2570,638,608,1017,5797,608,4380,424,6480,679,5602,6191,424,6253,2570,608,5814,608,4380,679,6191,265,4167,424,1432,5911,3761,1969,424,6253,1291,1030,1184,2161,1184,1974,6191,1190,2570,608,5379,5931,5472,5814,424,608,3636,608,4380,424,5188,638,4793,6506,424,679,3678,424,6253,2570,608,3678,608,4380,5188,638,6579,6506,3632,2600,3223,424,5814,424,2944,679,3678,4164,4058,4108,5217,679,1664,4671,6915,5081,3747,3761,6303,638,3686,987,2570,638,608,4671,6915,5081,608,4380.0,3824.0,1864.0,1291.0,3636.0,1345.0,7116.0,1864.0,3678.0,528.0,5779.0,454.0,73.0,679.0,3223.0,424.0,3678.0,2868.0,1864.0,4784.0,679.0,2944.0,6595.0,2747.0,1864.0,3250.0,528.0,7000.0,679.0,3428.0,6531.0,5472.0,3548.0,1864.0,2290.0,5688.0,5188.0,638.0,705.0,679.0,5671.0,2510.0,3707.0,6104.0,3632.0,448.0,424.0,5003.0,424.0,5873.0,1435.0,6303.0,638.0,4907.0,2476.0,679.0,3146.0,2510.0,,,,,,,,,,,,,,,,,,,,,,,,,,,,,,,,
682,5303,5952,2928,1836,3578,5952,2928,1836,2570,638,4600,5081,7034,4380,6595,3747,3761,6303,424,1753,2570,638,4600,1017,5797,7034,4380,424,6480,679,5602,6176,2592,424,2175,3632,424,1974,3612,3456,507,1621,6559,4204,6303,4146,4425,4608,2387,167,424,802,5837,424,6740,6770,2570,4600,3755,7034,4380,424,679,4783,424,4167,424,1974,3612,423,4946,3532,507,1205,1831,6303,407,526,4734,424,1349,424,3163,2103,2538,2570,4600,1925,7034,4380,3632,3755,679,1925,2662,2263,2535,1864,6104,4313,3761,1974,4600,1309,7034,3551,5931,3761,638,4600,1805,3632,7034,2600,3223,424,3755,6595,1974,5925,3238,5873,638,5497,679,1961,6303,4529,6019,6102,5461,679,1345,5194,964,5472.0,3192.0,2464.0,6781.0,5472.0,3548.0,1864.0,638.0,5497.0,6303.0,1196.0,679.0,5688.0,6018.0,5480.0,6102.0,386.0,3223.0,424.0,1925.0,6595.0,1974.0,5925.0,3238.0,5873.0,638.0,5497.0,679.0,2777.0,6303.0,6102.0,5461.0,679.0,6579.0,4318.0,4064.0,2416.0,4804.0,5461.0,424.0,679.0,5004.0,2139.0,,,,,,,,,,,,,,,,,,,,,,,,,,,,,,,,,,,,,,,,,,,,,,,
682,3844,1957,6595,1974,480,6303,638,3577,1730,6365,4177,3064,3632,6107,5625,2070,5081,1309,6997,6107,6143,6983,2570,5982,4380,6342,1772,2674,424,2991,1309,2483,6107,3339,851,3517,1772,2570,5982,4380,2674,424,2991,6831,3960,2677,1957,2070,5081,6595,2001,6480,679,5602,638,4791,1397,5873,3630,831,424,5982,424,638,4561,534,5150,6303,5923,2570,4199,2535,1864,3761,4600,5186,7034,36,1309,6997,6107,6143,6983,6342,1772,2674,424,2991,6116,6107,5600,4985,424,1605,1184,3051,424,798,3329,1306,424,2983,424,4075,5039,6264,424,5039,831,424,5982,3632,1799,6107,1485,6107,4020,4064,4555,6107,4311,6107,4363,1334,6107,2901,3064,3632,6107,1309,2483,6107,3339,851,3517,1772.0,2570.0,5982.0,4380.0,2674.0,424.0,2991.0,6116.0,6107.0,1164.0,424.0,4655.0,3553.0,3685.0,424.0,3630.0,831.0,424.0,5982.0,1799.0,6107.0,1485.0,6107.0,4020.0,4064.0,4555.0,6107.0,4311.0,6107.0,6982.0,424.0,2677.0,3632.0,1309.0,6997.0,332.0,638.0,6048.0,6144.0,4145.0,4888.0,5033.0,679.0,638.0,6373.0,2551.0,454.0,2570.0,4199.0,2535.0,1864.0,3761.0,1309.0,6997.0,534.0,4495.0,4380.0,3632.0,4450.0,6107.0,6787.0,679.0,5208.0,3632.0,1309.0,6997.0,,,,,,,,,,,,,,,,,,,,,,,,
682,634,2496,1836,2570,4250,5721,4380,1957,2070,5081,2570,4250,5721,4380,2570,758,4600,5081,7034,4380,6595,4058,4108,5188,1253,2347,424,4250,5873,5982,6480,679,5602,6107,2570,2677,4380,3171,1363,1772,2674,424,2991,424,5472,1621,6073,1831,4425,6005,4064,1909,1184,3051,6586,3218,424,2503,322,2908,3657,424,5967,6550,4734,424,4223,831,424,3171,679,1621,3422,2471,3830,6035,6254,2570,4600,1309,7047,2570,1304,4380,5982,1363,1772,2674,424,2991,424,5472,1621,6073,1831,4425,4515,2412,1184,3051,6586,2969,424,4754,3368,6303,1634,4734,424,3630,831,424,5982,679,1621,3422,2471,3830,6035,6254,2570,4600,1309,2483,7034,4380,3632,3223,2677,3632,1309,6997,6595,1974,3532,5472.0,785.0,874.0,6683.0,2751.0,5523.0,638.0,5844.0,6303.0,638.0,4561.0,534.0,5150.0,6303.0,5923.0,424.0,4270.0,4501.0,5873.0,638.0,6144.0,4064.0,606.0,3277.0,424.0,4993.0,6303.0,6493.0,5688.0,424.0,5715.0,5554.0,679.0,3639.0,947.0,6531.0,3632.0,1304.0,3632.0,1309.0,2483.0,6595.0,1974.0,423.0,4946.0,3532.0,2751.0,5523.0,638.0,5844.0,6303.0,638.0,4561.0,534.0,5150.0,6303.0,5923.0,424.0,4270.0,4501.0,5873.0,1902.0,,,,,,,,,,,,,,,,,,,,,,,,,,,,
2677,2047,634,5102,2687,700,1601,4136,1836,1957,5081,6595,4058,4108,5188,4176,38,424,5833,424,2570,638,608,1017,5797,608,4380,6480,679,5602,5689,5294,424,6253,2570,608,3807,608,4380,424,5472,1205,1831,4425,5778,6896,6882,424,1304,6896,424,2705,424,6740,3027,679,772,424,6253,2570,608,772,608,4380,424,5472,1205,1831,4425,6001,3785,1926,424,570,4070,3861,424,6740,2482,3632,3223,424,772,6595,5873,638,4146,6303,2570,6835,4380,6285,679,6564,903,454,2570,638,608,2348,608,4380,1864,6511,691,2570,3252,4380,462,6359,1864,3367,3950,1475,1864,6511,4791,4230,638,3595,679,2570,5215,4380,462,528,4804,3428,679,3600,4170,6531,1864,357,6303,638,2348.0,4017.0,6165.0,1864.0,4908.0,3874.0,3564.0,6104.0,2570.0,5931.0,608.0,3301.0,2642.0,679.0,3223.0,424.0,772.0,6595.0,7116.0,2570.0,3551.0,5242.0,816.0,7116.0,4380.0,1864.0,3250.0,6359.0,4230.0,638.0,2348.0,1864.0,6047.0,4638.0,6597.0,6018.0,3281.0,6480.0,528.0,6511.0,5980.0,3183.0,3551.0,5983.0,4449.0,2570.0,2035.0,2290.0,3302.0,,,,,,,,,,,,,,,,,,,,,,,,,,,,,,,,,,,,,,,,,
613,1836,3578,613,1836,2570,638,608,5081,608,4380,6595,4059,3761,6303,758,3788,573,6303,5132,465,2570,608,1017,5797,608,4380,424,6480,679,5602,3298,2908,1190,424,6253,2570,608,3730,608,4380,424,1974,517,3456,424,679,2424,469,2570,608,1982,608,4380,424,1205,5882,3632,1836,2677,3632,3803,3632,3730,1192,1982,679,1982,4650,855,638,6649,1864,3787,3761,1974,6812,6019,3730,424,679,1864,3250,4649,1539,6303,2066,3730,5688,679,6531,424,5260,679,833,3632,1304,3632,1529,6303,5081,3632,2514,3143,6303,758,5081,2381,816,6019,4793,2570,2677,4380,7039,3839,5188,638,1017,5797,679,6509,6486,5103,5176,424,7217,110,5980,2233,1974,7060,4064,573,7006,6303,4393.0,3759.0,4793.0,1864.0,638.0,6579.0,2570.0,608.0,1529.0,608.0,4380.0,3632.0,6005.0,3632.0,5643.0,3632.0,1032.0,638.0,1529.0,679.0,4623.0,1864.0,638.0,2860.0,2510.0,3707.0,5873.0,2773.0,3942.0,679.0,2412.0,424.0,3730.0,2381.0,4164.0,638.0,6639.0,1864.0,5448.0,638.0,5423.0,424.0,3239.0,424.0,6113.0,424.0,6421.0,424.0,3865.0,679.0,5687.0,2151.0,6303.0,1982.0,2570.0,608.0,1982.0,5376.0,608.0,4380.0,5873.0,4468.0,5472.0,638.0,3730.0,2117.0,2758.0,424.0,,,,,,,,,,,,,,,,,,,,,,
682,6756,4081,1836,4064,4719,3632,4441,466,6046,2175,3632,3578,1836,6018,3747,638,2412,573,6303,1253,7081,2570,638,4600,1017,5797,7034,4380,424,1436,6107,6399,1011,6497,424,2175,3632,424,1974,3532,507,1621,6073,679,6947,3989,4425,804,6896,4734,424,2244,424,245,5566,5727,2570,4600,2357,7034,3551,638,4600,2478,7034,4380,2687,6107,4719,3632,4441,466,6046,2175,3632,424,953,424,507,1205,3989,4425,4267,1631,4355,1493,424,5234,424,4039,7008,208,1252,2570,638,608,950,608,4380,10,6130,3223,2357,135,379,1864,3017,638,950,3761,1205,7216,2648,6303,2357,424,679,638,950,135,379,1864,816,4501,6480,2357,3761,1205,7216,2648,424,5188,638,705,679,5671.0,4126.0,4733.0,6624.0,6414.0,6303.0,638.0,4907.0,4133.0,5873.0,758.0,5081.0,679.0,4623.0,1864.0,638.0,705.0,679.0,5671.0,6490.0,5873.0,758.0,5081.0,424.0,638.0,4791.0,2518.0,3761.0,43.0,6107.0,2677.0,3632.0,235.0,2396.0,581.0,758.0,5081.0,424.0,3848.0,638.0,7224.0,679.0,638.0,42.0,424.0,638.0,4413.0,6007.0,679.0,6301.0,4164.0,638.0,3182.0,2510.0,4909.0,5188.0,2185.0,608.0,6997.0,608.0,,,,,,,,,,,,,,,,,,,,,,,,,,,,,,
4590,267,1139,1836,1957,4590,267,1139,1836,424,4059,679,3747,3761,6303,5147,6307,424,3762,2570,758,4600,5721,7034,4380,424,6595,6018,5602,5211,6257,3413,74,424,1974,3612,7182,430,2570,638,4600,848,7034,4380,424,679,5211,4693,1139,74,424,1974,3612,7182,430,2570,4600,1167,7034,4380,3632,6558,705,6269,424,5916,1451,4413,424,5873,758,5721,4164,638,3182,4599,1864,2290,705,5873,638,652,5081,2570,3761,4413,1397,4380,3632,2600,3223,424,638,848,679,1167,4164,4058,4108,2887,528,652,5081,4059,3761,6303,1253,2677,424,4694,2570,3761,1920,424,638,4600,652,5081,7034,4380,424,3824,1864,1291,1167,2233,528,3117,3349,424,2583,679,5995,2422,424,1138,294.0,679.0,1783.0,197.0,424.0,1527.0,2308.0,424.0,679.0,4175.0,2308.0,6531.0,1864.0,848.0,5873.0,4468.0,5472.0,848.0,462.0,3886.0,1719.0,3551.0,3314.0,4064.0,1719.0,6531.0,1864.0,3886.0,4364.0,6073.0,5523.0,638.0,53.0,2478.0,5943.0,6303.0,6950.0,2570.0,4600.0,6950.0,5943.0,7034.0,4380.0,3525.0,,,,,,,,,,,,,,,,,,,,,,,,,,,,,,,,,,,,,,,,,,,,,,
682,1843,6051,6450,1836,5602,3458,2266,2175,3632,679,6417,2242,424,2175,3632,5611,3943,424,3762,4574,6921,219,6835,6869,2677,3632,235,2677,2396,5470,5081,1304,2750,3473,2795,5081,1304,4091,1017,5797,1304,1204,6594,2030,4380,1304,1669,354,2030,4380,6005,1304,3632,5106,6005,6005,3632,6413,6005,4362,5643,6480,3458,6005,2376,5643,2598,6480,2100,4263,263,3064,457,6915,3551,6996,5106,4263,1197,3064,2438,1121,4263,4263,3632,3370,1309,534,3276,1676,1864,638,4184,7019,4263,1909,3632,1100,5188,1791,6303,3458,755,1909,2498,3064,3251,6915,1909,3642,195,6303,3458,755,1909,5979,5849,1909,1748,3064,4581,5967,5272,4654,1184,1794,6971,5967,5967,3632,1488,5967,840,3632,1529,679.0,2938.0,840.0,3530.0,1529.0,840.0,5553.0,2938.0,840.0,5626.0,5072.0,840.0,2733.0,3547.0,2653.0,5271.0,5271.0,3632.0,3748.0,679.0,1804.0,5271.0,291.0,2988.0,679.0,825.0,5271.0,4219.0,4212.0,4570.0,5271.0,4040.0,1380.0,5271.0,4182.0,279.0,679.0,4087.0,5271.0,5901.0,4273.0,3942.0,319.0,5121.0,4064.0,2277.0,6480.0,638.0,6611.0,3942.0,2319.0,1878.0,6480.0,1974.0,6839.0,1309.0,2412.0,,,,,,,,,,,,,,,,,,,,,,,,,,,,,,,,,
682,5989,913,4177,5188,1965,6303,302,70,3135,4432,1050,1848,6107,692,1321,4064,5389,3479,2586,159,5372,424,3905,5509,6107,3829,522,5514,7219,424,2175,3632,424,4780,2570,5188,1093,4380,424,6660,913,4177,5188,1965,6303,302,70,3135,4432,2514,2338,6107,2514,3684,5745,5663,2409,679,456,6253,2570,4199,2535,1864,3761,1309,6997,4380,679,638,2338,6107,692,4592,5389,3479,2586,2570,4199,2535,1864,3761,1309,2483,4380,4650,2518,1864,1229,638,2597,705,679,5671,5472,6103,1864,638,5497,6303,302,70,3135,4432,6107,1313,283,6484,2395,1965,6303,302,70,3135,4432,1313,1287,3632,2395,4404,2514,4325,6303,638,5467,6595,2769,5188,3205,3064,3632,1733,679,1582,5188,5873.0,638.0,5071.0,6303.0,153.0,424.0,1453.0,3853.0,424.0,302.0,4014.0,2570.0,35.0,1864.0,638.0,3002.0,1247.0,6019.0,1191.0,6386.0,4380.0,5472.0,1205.0,1305.0,574.0,5372.0,4660.0,3632.0,1313.0,5795.0,3632.0,6484.0,3562.0,6484.0,1764.0,590.0,758.0,4177.0,6595.0,6174.0,1397.0,6107.0,5328.0,3945.0,6107.0,5767.0,6303.0,523.0,,,,,,,,,,,,,,,,,,,,,,,,,,,,,,,,,,,,,,,,,,
836,1836,1957,5081,6595,6018,679,4058,4108,758,4397,573,6303,6831,424,6,2570,638,608,1017,5797,608,4380,424,6480,679,5602,1737,2508,2213,424,1974,1680,3456,507,1621,6559,4204,6303,4146,4425,3178,4166,4734,424,3377,87,424,5896,424,3163,2103,6925,2570,4199,4391,608,820,608,4380,424,679,1571,4446,424,6253,679,1621,3322,424,1974,517,3456,424,507,1621,6559,4204,6303,4146,4425,556,6357,3860,3632,424,3377,6703,424,5773,3632,6149,424,2228,4842,2570,4199,4391,608,5751,608,4380,5472,4178,1864,638,2597,2490,6107,6982,820,6595,4501,5873,638,5788,679,5497,424,1683,424,4960,424,1185,424,71,424,5430,679,3428,6303,5807,4777,679,95,606,1475.0,5688.0,679.0,5468.0,6982.0,5751.0,6595.0,4501.0,5873.0,638.0,4146.0,6303.0,2402.0,424.0,2652.0,679.0,989.0,5091.0,1475.0,679.0,462.0,6579.0,5284.0,4064.0,7088.0,5688.0,679.0,6531.0,1864.0,3766.0,679.0,5492.0,6303.0,4981.0,679.0,6982.0,5751.0,2868.0,1864.0,7097.0,1974.0,4066.0,,,,,,,,,,,,,,,,,,,,,,,,,,,,,,,,,,,,,,,,,,,,,,,,
682,5303,6725,5315,6207,1836,7125,2687,1436,835,5613,7126,2687,2545,2175,3632,5611,1211,424,5460,5509,6107,835,5613,2340,424,5271,4064,5517,424,4762,4574,6921,219,6869,2677,3632,1663,2677,1304,3632,4316,2412,829,5954,4944,1046,2412,2108,5954,1747,1046,4195,6592,5954,1177,1046,2516,1065,3669,3640,3902,6195,2515,780,3902,3708,1193,780,4635,6005,3632,2330,1272,4803,5168,2687,2511,5419,4362,6644,5419,2376,2418,6019,4495,1733,263,4361,2694,4954,38,1197,6774,2271,424,844,330,679,2369,2271,2443,49,4531,53,679,3301,3943,6778,3652,53,679,3301,5372,1774,4130,5873,4632,2867,4350,6307,4263,3632,7154,6307,6314,2418,6019,4632,2867,4350,6307,1148,2271,4659,2085,3380.0,4659.0,1127.0,679.0,136.0,5192.0,5210.0,2448.0,679.0,3115.0,3912.0,6756.0,3064.0,4154.0,4879.0,5199.0,2667.0,5337.0,3379.0,5199.0,6952.0,6745.0,6303.0,397.0,3461.0,5199.0,1909.0,3632.0,1499.0,424.0,461.0,2687.0,2990.0,1709.0,,,,,,,,,,,,,,,,,,,,,,,,,,,,,,,,,,,,,,,,,,,,,,,,,,,,,,,,
2167,1836,1957,5774,5081,2570,638,4600,5081,7034,4380,6595,3747,4176,424,465,2570,638,4600,1017,5797,7034,4380,424,1436,6107,6600,4539,2340,3632,424,1205,2828,2751,5523,638,5844,6303,638,576,6303,3974,409,424,1371,424,5472,1205,1831,6303,3377,2407,1631,4669,1493,424,5234,424,3974,409,424,1371,424,7008,3780,59,2570,4600,2321,2687,6107,6626,1350,3987,4458,3496,3632,424,5385,3632,424,1974,3532,2993,679,4891,5523,638,5844,6303,5923,424,5472,1621,1001,3989,2769,4425,6107,6999,4402,6581,5006,831,424,884,401,6107,5822,7034,4380,6600,4539,2340,3632,424,5343,4600,2888,2407,1631,4669,1493,424,5234,424,3974,409,424,1371,424,7008,3780,59,4024,6107,3223.0,6846.0,1345.0,1383.0,5746.0,563.0,424.0,160.0,424.0,679.0,7177.0,5873.0,638.0,4146.0,6303.0,3538.0,424.0,479.0,679.0,560.0,1975.0,1675.0,679.0,1036.0,108.0,3223.0,638.0,2875.0,2868.0,1864.0,1683.0,638.0,5141.0,679.0,1005.0,1864.0,6846.0,2887.0,2875.0,1345.0,6131.0,3107.0,424.0,7177.0,424.0,679.0,867.0,,,,,,,,,,,,,,,,,,,,,,,,,,,,,,,,,,,,,,,,,,,
682,244,2796,5290,1836,1957,806,6915,5081,2570,758,4600,5081,7034,4380,6595,4059,3761,6303,159,2677,424,3696,2570,638,4600,1017,5797,7034,4380,679,6595,6480,679,5602,6445,1846,1974,3612,3456,2570,4600,6445,7034,4380,424,5472,4268,4425,4425,7026,877,7045,424,1306,1304,424,4321,3657,424,3163,2103,3075,679,6690,424,6253,1974,2612,1846,2570,4600,6690,7034,4380,424,5472,4268,4425,1889,5596,1493,424,3163,63,424,4704,6030,3632,6445,679,6690,5548,2518,2887,758,5081,5184,638,1151,679,3954,3002,4083,3632,6690,3483,1864,6696,424,679,6445,3483,1864,1613,424,1974,450,1864,5448,638,806,2570,3761,4413,1397,4380,5873,4468,5472,3192,454,5688,91,1345,2066,6639.0,3817.0,679.0,808.0,1864.0,2570.0,638.0,4600.0,2053.0,7034.0,4380.0,5873.0,5555.0,5472.0,638.0,705.0,6303.0,758.0,5081.0,3632.0,806.0,1864.0,816.0,5906.0,5523.0,758.0,5081.0,6595.0,6490.0,5188.0,682.0,6997.0,2570.0,638.0,4600.0,806.0,7034.0,4380.0,3632.0,4622.0,5797.0,6107.0,5611.0,2085.0,424.0,6368.0,1260.0,267.0,2687.0,4695.0,6107.0,6690.0,424.0,6253.0,6445.0,1846.0,1259.0,6107.0,1259.0,6107.0,3282.0,6107.0,3282.0,6107.0,2096.0,6107.0,2096.0,6107.0,5509.0,6107.0,5510.0,1011.0,2340.0,3632.0,424.0,2799.0,1184.0,6997.0,424.0,,,,,,,,,,,
682,899,4553,5488,1836,3627,1841,424,6253,581,5555,5472,1688,4243,4380,5523,638,3555,1882,5943,6303,6517,424,3761,1920,424,638,139,4650,3846,638,5011,6480,679,2960,6222,1864,638,1052,2307,5188,5318,6303,6222,6303,638,1330,5188,2185,2198,679,1374,679,2066,5503,1146,3404,424,5472,3548,1864,638,6064,6303,638,3979,251,3083,424,679,2887,758,5081,816,273,3761,1205,682,1864,2290,2307,3632,1957,5081,2210,816,2001,5873,1374,5889,6303,2834,2035,6303,1291,2381,816,6197,1864,816,1205,3577,679,2066,6303,1291,5269,2381,816,6197,1864,324,4793,679,638,3199,5081,3632,6624,3742,7145,424,638,139,4650,1460,758,5081,3761,6303,4176,5792,424,1753,3632,1537,2434.0,3554.0,1259.0,6107.0,142.0,1867.0,6544.0,4167.0,424.0,1621.0,6426.0,1739.0,1259.0,6107.0,190.0,2790.0,424.0,6253.0,424.0,1621.0,794.0,1259.0,6107.0,4289.0,6126.0,333.0,5378.0,3282.0,6107.0,6126.0,333.0,5378.0,2096.0,6107.0,6426.0,317.0,1537.0,2434.0,6544.0,4167.0,1259.0,6107.0,190.0,2790.0,424.0,6253.0,424.0,1621.0,794.0,1259.0,6107.0,4289.0,6126.0,333.0,5378.0,3041.0,,,,,,,,,,,,,,,,,,,,,,,,,,,,,,,,,,
682,5356,4653,2883,6328,1253,2085,424,1426,374,6354,7109,323,424,4199,2535,1864,3761,638,608,2478,608,424,5873,638,4707,6303,2787,2694,4805,1388,333,1438,1785,424,6236,5188,638,7123,6303,638,2988,6303,4454,2570,2677,4380,2677,4064,4195,4059,1253,6005,424,1426,424,5188,638,4793,6578,679,6354,2735,424,4199,2535,1864,3761,638,608,7025,608,5873,638,4707,6303,6426,4805,5178,941,774,6713,679,558,4805,5178,509,1502,424,6236,5188,638,7123,6303,638,3692,424,5188,638,6579,6578,424,5931,2535,1864,3761,638,608,1805,608,424,4164,4058,4108,758,3327,4177,2570,638,608,4177,608,4380,679,4650,2518,3761,43,6107,2677,3632,7087,6921,4419,2883,2396,2514.0,2478.0,424.0,4425.0,638.0,5036.0,679.0,5188.0,638.0,7042.0,6303.0,638.0,7025.0,424.0,2381.0,6136.0,5284.0,6019.0,2847.0,5873.0,4224.0,1864.0,638.0,1983.0,2224.0,6303.0,349.0,2629.0,2570.0,608.0,2158.0,608.0,4380.0,815.0,1864.0,638.0,7025.0,679.0,2381.0,3250.0,2290.0,6579.0,6531.0,5873.0,4468.0,7095.0,3761.0,2662.0,5906.0,5873.0,758.0,4177.0,3632.0,2750.0,2514.0,365.0,6303.0,1974.0,5847.0,6303.0,2158.0,,,,,,,,,,,,,,,,,,,,,,,,,,,,,
682,5303,4553,69,1836,1436,618,3601,5613,2175,3632,2570,4600,7151,7034,4380,2687,2289,2974,6939,2175,3632,2570,4600,5105,7034,4380,7010,4419,2928,424,3413,2687,5772,6921,2368,3826,2687,2473,585,4553,69,1836,2825,3761,6303,243,1733,424,7081,1957,5954,6896,5081,2570,638,4600,5081,7034,4380,6595,4058,4108,5602,5466,119,6518,6253,424,1974,517,1846,5472,4268,2769,4425,5000,5099,6242,4734,424,3377,6955,424,253,424,2791,4092,424,6529,2570,6104,2535,1864,3761,4600,7151,7034,4380,679,2325,651,6755,6253,424,1974,3456,2993,5523,638,5844,6303,3163,7082,424,1371,5472,4268,2769,4425,236,2014,6729,4086,1627,424,4239,4341,424,3163,7082,424,1000,2245,424,1371,2570.0,6104.0,2535.0,1864.0,3761.0,4600.0,5105.0,7034.0,4380.0,3632.0,7151.0,679.0,5105.0,2210.0,816.0,2535.0,1864.0,6104.0,5931.0,3761.0,638.0,4600.0,1805.0,7034.0,679.0,1564.0,3761.0,1974.0,4600.0,1309.0,3632.0,7034.0,5414.0,3223.0,424.0,7151.0,6595.0,2747.0,1864.0,1484.0,5873.0,5497.0,424.0,1484.0,5873.0,2422.0,679.0,2616.0,3858.0,2002.0,5480.0,6861.0,2574.0,5383.0,6019.0,6894.0,4064.0,7088.0,3909.0,5972.0,424.0,5873.0,3457.0,6657.0,,,,,,,,,,,,,,,,,,,,,,,,,,
2677,2047,634,5168,2687,4653,1139,1836,3578,1836,6018,5873,5063,758,5792,573,6303,5132,424,3896,3632,2483,4020,3780,6172,4020,4020,6717,6107,2390,5240,5385,3632,2570,608,7143,608,4380,4064,679,4064,4670,5240,5292,2641,5385,3632,1974,3138,6303,5421,6253,2570,608,5421,608,4380,3223,7143,6664,3043,424,6595,7116,1864,3250,4790,6531,6019,5433,352,1371,679,638,2036,975,6303,3186,2687,3223,5421,6664,3043,424,6595,7116,1864,3250,4790,6531,6019,5433,352,1371,679,638,2036,975,6303,3186,2687,3223,7143,5145,6559,4146,5567,6595,786,573,3551,5008,573,5430,6107,2687,3223,5421,608,6559,4146,6595,5863,1269,2687,3223,7143,679,5421,1861,1864,2406,424,3761,7216,5443,424.0,5873.0,638.0,681.0,6303.0,6247.0,4991.0,6531.0,679.0,5873.0,638.0,6571.0,6303.0,4908.0,6531.0,1864.0,6247.0,4991.0,1769.0,448.0,5003.0,5873.0,1435.0,6303.0,638.0,4907.0,2476.0,4126.0,5873.0,758.0,5081.0,424.0,638.0,1805.0,4083.0,2518.0,3761.0,6505.0,,,,,,,,,,,,,,,,,,,,,,,,,,,,,,,,,,,,,,,,,,,,,,,,,,,,
682,5251,652,5081,6806,2413,2976,424,6751,679,6806,2413,2976,2570,3329,4380,6852,4796,5460,2677,3578,1139,1836,2570,758,4600,5081,7034,4380,6595,6018,5188,7041,4796,5460,1436,6107,2570,2677,4380,6806,2413,2976,424,6751,1974,3612,423,5615,6303,3128,3785,4239,1493,424,99,6449,424,654,5675,424,3993,4103,2570,608,6806,3618,679,2570,1304,4380,6806,2413,2976,2570,3329,4380,6852,424,1974,2992,423,3532,2570,6073,5889,4191,4380,6073,5873,5237,679,1657,6303,919,424,2412,6879,7176,424,5848,424,2836,5558,2570,638,608,2226,4064,7083,608,4380,3632,2600,2570,6997,4380,6806,1106,6595,5080,5212,3525,3886,1510,6303,638,5191,679,215,2581,2535,1864,5873,2185,1304,2570.0,638.0,4600.0,5834.0,7034.0,4380.0,3632.0,2570.0,2483.0,4380.0,2514.0,5834.0,2806.0,3286.0,5523.0,638.0,4962.0,423.0,5615.0,3551.0,6579.0,393.0,4133.0,2570.0,638.0,608.0,2367.0,5868.0,608.0,4380.0,3632.0,2570.0,4266.0,4380.0,2514.0,2226.0,4064.0,7083.0,1345.0,5477.0,422.0,6019.0,638.0,6727.0,6303.0,4517.0,5188.0,638.0,4146.0,6303.0,1974.0,7029.0,1510.0,679.0,5369.0,5873.0,638.0,2036.0,2565.0,3632.0,2514.0,6580.0,6997.0,,,,,,,,,,,,,,,,,,,,,,,,,,,
2047,5989,1560,3741,424,6253,1345,6958,5480,758,682,5989,5482,6303,638,5081,6019,1291,1560,3741,424,6253,1345,2808,210,5450,5480,638,3555,679,1882,4775,3632,2514,5482,6303,638,5081,6019,1291,210,5450,1345,5477,2808,2662,341,5472,1308,5145,5873,2543,679,2290,210,5482,4164,5477,4984,1564,5472,638,3555,679,1882,4775,3632,6207,1836,1957,2271,5081,2570,638,608,5081,608,4380,6595,4059,3761,6303,1253,38,424,173,5602,997,424,6253,2570,608,997,608,4380,679,1560,3741,424,6253,2570,638,608,2478,608,4380,3632,4491,1864,758,5081,424,997,5242,3250,3192,4971,679,6579,908,679,4708,4161,2570,5931,424,638,608,5065,608,4380,1864,638,2478,1864,1484,638.0,2478.0,5873.0,1763.0,1621.0,5688.0,679.0,6531.0,679.0,1870.0,638.0,3277.0,6303.0,5688.0,1864.0,6566.0,6465.0,4230.0,1621.0,6983.0,4145.0,3632.0,997.0,5242.0,816.0,3667.0,6480.0,638.0,2478.0,6019.0,462.0,638.0,5065.0,3632.0,2675.0,424.0,638.0,4791.0,4650.0,6109.0,,,,,,,,,,,,,,,,,,,,,,,,,,,,,,,,,,,,,,,,,,,,,,,,,,
682,3568,1099,2928,1836,1957,5158,1965,5081,2570,638,4600,5081,7034,4380,6595,4058,4108,3761,6303,5147,5792,424,1753,424,3747,3761,6303,5147,5792,424,1753,2570,638,4600,1017,5797,7034,4380,6480,679,5602,3412,6718,4167,424,1974,2228,6852,4809,2478,424,5472,1621,6559,3989,2769,4425,5064,5099,6818,536,5137,424,3377,329,3039,424,481,424,5137,424,2228,2570,638,4600,4986,7034,4380,679,4053,1846,5472,1621,6559,3989,2769,4425,5142,4099,3657,1631,3377,2784,654,5675,424,3993,4527,2570,638,4600,3807,7034,4380,679,5269,5472,638,4986,2570,638,4600,1805,7034,4380,3632,2600,3223,424,638,3807,6595,4501,5873,638,4146,6303,6285,679,3538,5807,454,4522,679,3223,424.0,638.0,4986.0,6595.0,4501.0,5873.0,638.0,4146.0,6303.0,6285.0,679.0,3538.0,2044.0,2029.0,679.0,3223.0,424.0,638.0,3807.0,1559.0,1864.0,3017.0,638.0,4986.0,3761.0,1205.0,7216.0,2648.0,6019.0,638.0,3807.0,6019.0,638.0,5456.0,6303.0,3538.0,638.0,3807.0,534.0,2044.0,2570.0,638.0,4600.0,5158.0,7034.0,4380.0,5188.0,638.0,705.0,679.0,5671.0,2510.0,3707.0,3159.0,,,,,,,,,,,,,,,,,,,,,,,,,,,,,,,,,,,,
2047,3258,2632,1836,1957,3794,5081,2570,638,608,5081,608,4380,6595,4058,4108,3761,6303,638,3446,573,6303,5147,424,5833,6480,679,5602,6865,424,1572,3632,424,1974,3612,3456,424,2769,4425,4544,6611,3657,7045,424,3791,3377,424,2128,424,5756,6233,2570,608,6865,608,4380,424,679,5670,478,5316,424,6253,424,1974,3163,2103,3456,424,2769,4425,2236,2601,1493,424,4075,5172,424,3163,2103,3677,2570,608,4327,608,4380,3632,3223,424,6865,7132,424,4582,679,338,1205,6458,2758,6303,6983,4043,424,5163,7096,454,4529,679,6531,424,3848,5916,1451,423,1864,424,6865,3632,1975,4777,5413,6531,424,679,6858,679,4903,6531,5188,638,6983,4425,638,5033,3878,2570,5269,5472.0,1374.0,6335.0,3551.0,4336.0,1110.0,424.0,638.0,608.0,6865.0,2326.0,3223.0,424.0,4327.0,4582.0,679.0,4129.0,6464.0,679.0,2617.0,1257.0,5188.0,638.0,6983.0,4425.0,638.0,5033.0,4251.0,2570.0,5269.0,5472.0,1374.0,6335.0,3551.0,4336.0,671.0,,,,,,,,,,,,,,,,,,,,,,,,,,,,,,,,,,,,,,,,,,,,,,,,,,,,,,
682,5303,4069,2515,5081,1836,6018,3761,6303,424,3960,424,5602,4851,5689,1846,424,1974,3163,2103,3456,2570,4600,4851,5689,7034,4380,424,679,734,7193,5689,53,2393,424,1974,6658,3456,2570,4600,734,7193,7034,4380,3632,2829,6107,3223,424,4851,5689,6595,1974,809,5143,424,1973,5983,2172,2887,2550,679,6531,5983,1610,214,6480,547,5188,2008,1864,6815,4064,4366,6224,3284,679,3223,424,734,7193,6595,1974,6029,3559,2011,6303,4851,5689,2887,6228,1864,3512,679,4836,3761,1974,2322,3120,53,5246,5523,638,2165,3086,3264,6303,4213,424,3761,1920,3284,679,3223,424,734,7193,5242,4164,6359,1864,6683,424,3848,6683,1339,4230,4793,3551,1191,3236,6303,1621,6064,3284,679,3223.0,424.0,734.0,7193.0,5242.0,1448.0,1864.0,4992.0,5480.0,507.0,1974.0,7011.0,679.0,3394.0,548.0,6303.0,5119.0,116.0,7208.0,5480.0,4851.0,5689.0,424.0,679.0,4851.0,5689.0,5242.0,1448.0,1864.0,4992.0,5480.0,638.0,3773.0,3281.0,1864.0,734.0,7193.0,3284.0,679.0,3223.0,424.0,638.0,4791.0,5100.0,1864.0,,,,,,,,,,,,,,,,,,,,,,,,,,,,,,,,,,,,,,,,,,,,,
3827,1924,1139,1836,1957,1139,1836,6595,4058,4108,5188,424,679,3747,3761,6303,424,5611,424,7081,2570,638,4600,1017,5797,7034,4380,2960,4344,2976,2478,424,4167,424,1974,3612,423,4946,3532,2570,4600,7153,7034,4380,679,1712,2976,652,424,4167,424,1974,3612,423,4946,3532,2570,638,4600,1501,2478,7034,4380,3632,2514,3979,4064,2556,2907,2662,2263,2535,1864,5873,758,5081,2570,3761,4413,6104,4380,2035,3761,1974,4600,1309,7034,679,5931,3761,638,4600,1805,3632,7034,3223,424,7153,3089,528,1319,2570,638,4600,652,824,7034,4380,1083,3250,2422,424,6656,679,6769,6531,3761,5331,1864,1535,638,4146,6303,638,1501,2478,679,1621,3322,2570,638,4600,652,7034,4380,3632,448.0,5003.0,424.0,5873.0,1435.0,6303.0,638.0,2125.0,679.0,638.0,2476.0,424.0,5671.0,424.0,679.0,4133.0,4126.0,6104.0,424.0,679.0,6019.0,6579.0,3150.0,679.0,6321.0,1435.0,424.0,638.0,2135.0,679.0,4220.0,6303.0,1291.0,2662.0,4650.0,6459.0,424.0,638.0,1805.0,4083.0,4650.0,2518.0,3761.0,43.0,6107.0,1155.0,3945.0,652.0,2396.0,5417.0,,,,,,,,,,,,,,,,,,,,,,,,,,,,,,,,,,,,,,,,
2047,5303,3516,1836,3578,3516,1836,2570,758,4600,5081,7034,4380,6595,6018,679,4058,4108,6941,638,4397,573,6303,6831,424,465,2570,4600,1017,5797,7034,4380,424,6480,679,5602,1480,4227,1016,1190,424,4167,2570,4600,1480,1632,7034,4380,424,1974,5545,423,4946,3532,424,507,1621,4268,4425,5540,5899,5085,3377,4977,424,2493,424,1585,1082,2570,4600,1570,7034,4380,679,638,3532,2510,3707,1397,2570,4600,2478,7034,4380,2570,2035,424,4313,424,1974,4600,5980,7034,679,5931,424,4600,4791,7034,36,2478,6107,2865,1190,424,6253,2570,5353,4380,4152,6107,2677,4064,236,4064,1921,4064,1660,5326,2014,5424,6803,1627,3632,424,3377,377,4064,1922,2499,6107,6717,1184,6997,2128,424.0,5756.0,1012.0,4020.0,4064.0,4555.0,6107.0,226.0,5953.0,6107.0,1106.0,4913.0,5707.0,5481.0,679.0,988.0,6110.0,1184.0,6326.0,5873.0,638.0,2484.0,5081.0,1529.0,6107.0,2677.0,4837.0,2478.0,5141.0,6107.0,1490.0,1919.0,454.0,1184.0,201.0,6531.0,6996.0,1151.0,2570.0,1451.0,4962.0,232.0,1536.0,36.0,5875.0,6107.0,1570.0,5242.0,4784.0,4587.0,6478.0,5480.0,2478.0,6019.0,2035.0,1865.0,3632.0,4177.0,6595.0,1904.0,6019.0,2677.0,7039.0,3320.0,6480.0,4157.0,1864.0,758.0,5011.0,3632.0,2310.0,,,,,,,,,,,,,,,,,,,
682,5303,2496,1836,1957,2070,5081,2570,4600,5081,7034,4380,6595,4058,4108,3761,6303,7063,1872,424,1753,424,6480,679,5602,6904,1841,424,6253,424,1974,3612,3456,2570,638,4600,2478,7034,4380,424,679,6803,1354,4069,2790,3554,424,1974,3612,423,5615,424,6803,1354,6741,6544,4167,424,1974,3612,423,4946,3532,424,6803,1354,2413,2790,3554,424,1974,3612,423,5615,424,679,6803,1354,2413,2790,6544,4167,424,1974,3612,423,4946,3532,2570,5931,424,638,4600,6803,1354,1805,7034,4380,2570,2035,6303,638,2478,679,638,6803,1354,1805,424,1974,4600,1309,7034,1864,758,5081,424,679,5931,424,638,4600,1805,7034,4380,3632,2600,3223,424,638,6803,1354,1805,4164,4242,6431,3551.0,3211.0,4194.0,6431.0,3551.0,7059.0,4164.0,7089.0,3518.0,6303.0,2764.0,104.0,2570.0,638.0,4600.0,6437.0,6427.0,7034.0,4380.0,6303.0,638.0,370.0,1797.0,424.0,2635.0,7030.0,5129.0,5502.0,3460.0,4297.0,424.0,6303.0,638.0,2478.0,2570.0,638.0,4600.0,4877.0,3831.0,7034.0,4380.0,3761.0,6303.0,638.0,3686.0,6303.0,758.0,2746.0,679.0,3223.0,424.0,3761.0,6303.0,638.0,3686.0,6303.0,758.0,5081.0,424.0,638.0,2478.0,679.0,638.0,6803.0,1354.0,1805.0,4164.0,3044.0,1864.0,2604.0,,,,,,,,,,,,,,,,,,,,
682,292,4407,2632,1836,1957,5865,3794,5081,2570,608,5081,7034,4380,6595,6018,679,3747,3761,6303,4176,2677,424,7081,2570,638,4600,1017,5797,7034,4380,424,6480,679,5602,3975,6253,2570,4600,3975,7034,4380,424,1974,3612,3456,424,679,3104,3976,3329,424,6253,424,1974,517,3456,2570,608,3104,608,4380,3632,3975,679,3104,2662,4199,2535,1864,6087,3761,638,4600,1805,7034,679,2035,3761,1974,4600,1309,3632,7034,3068,333,3975,424,1205,908,2112,6303,3376,3848,3045,619,679,5163,4976,424,6595,5873,638,4146,6303,6285,424,681,424,560,679,5055,5207,7202,679,6258,5688,424,679,4137,1864,3250,4903,679,2117,3428,3761,1974,2670,6019,638,4833,3976,4577,4082,4629,2570.0,4600.0,638.0,4577.0,7034.0,4380.0,3632.0,6513.0,3104.0,6595.0,1205.0,4456.0,6345.0,2887.0,332.0,679.0,5515.0,638.0,1215.0,1121.0,2570.0,3761.0,4199.0,4413.0,4380.0,1864.0,638.0,4577.0,679.0,1559.0,1864.0,6696.0,376.0,1864.0,3975.0,5873.0,3548.0,6303.0,3975.0,534.0,351.0,6303.0,638.0,4577.0,3824.0,1864.0,758.0,5081.0,3632.0,191.0,3370.0,6303.0,638.0,1805.0,2311.0,6031.0,,,,,,,,,,,,,,,,,,,,,,,,,,,,,,,,,,
2047,3526,2632,2687,2928,1836,1957,5081,6595,6018,3761,6303,5611,5967,424,4694,2570,638,608,1017,5797,608,4380,6480,679,5602,4558,6953,5344,2175,3632,424,1974,517,3456,5472,4268,4425,185,2014,6621,5694,6264,424,3377,3750,424,1351,424,455,6466,2570,608,5784,608,4380,679,4476,6020,3782,2570,608,6093,608,4380,424,1473,1184,555,7024,6070,3413,424,3070,941,7091,1627,3632,424,3377,740,424,1351,424,455,1990,1799,6107,2331,3269,3632,2600,5784,6595,5873,638,4146,6303,6285,679,883,242,1158,454,5688,3632,5784,2868,1864,4164,6093,1484,5873,638,5497,424,1539,679,6641,6303,5784,5145,3465,4479,7088,454,5688,3632,5003,424,5784,679,6093,2518,3761,43,6107.0,2677.0,3632.0,2928.0,424.0,5841.0,424.0,2802.0,2687.0,1295.0,1139.0,2396.0,6426.0,3632.0,6093.0,3483.0,1864.0,2406.0,424.0,3572.0,5472.0,679.0,146.0,5784.0,5873.0,4468.0,5472.0,638.0,5497.0,6303.0,5784.0,5145.0,608.0,6496.0,4958.0,2904.0,4495.0,608.0,2570.0,4199.0,4413.0,4380.0,679.0,638.0,6858.0,424.0,681.0,679.0,1335.0,567.0,3632.0,6652.0,6269.0,1590.0,,,,,,,,,,,,,,,,,,,,,,,,,,,,,,,,,,,,
682,7181,4380,2632,1836,2632,1836,424,4059,3761,6303,4176,4263,424,3696,424,6480,679,5602,1745,7083,5246,424,1974,2153,4146,430,2570,638,608,5246,608,4380,424,679,1745,1541,4446,4167,424,1974,2153,423,4946,3532,2570,608,1745,608,3551,638,608,4327,608,4380,3632,6172,3945,3780,6717,4020,2869,2869,4020,3780,3637,6107,3223,424,638,5246,6595,4501,5873,4146,3761,1205,6861,4064,3808,3886,3532,6073,5523,638,53,2478,5943,6303,6950,424,3761,1920,424,679,2832,6303,4793,3551,1191,2811,679,3223,424,638,5246,2868,1864,4448,4108,758,5081,5472,3548,1864,1621,4231,679,5909,2811,679,3223,424,638,5246,1559,1864,3017,1745,1864,3250,528,3910,424,6769,679,2422.0,6531.0,424.0,679.0,1745.0,6595.0,2747.0,1864.0,3250.0,2290.0,3910.0,424.0,6769.0,679.0,2422.0,6531.0,1864.0,638.0,5246.0,5188.0,638.0,705.0,679.0,5671.0,4199.0,2510.0,5175.0,448.0,424.0,5003.0,424.0,5873.0,1435.0,6303.0,638.0,4907.0,2476.0,679.0,4133.0,6303.0,638.0,4791.0,4083.0,3761.0,6104.0,2510.0,3707.0,424.0,638.0,4791.0,3080.0,679.0,2518.0,3761.0,,,,,,,,,,,,,,,,,,,,,,,,,,,,,,,,,,,,
682,1375,2242,5977,1836,1957,4378,5081,6595,6018,3761,6303,638,38,573,6303,1253,424,2379,2570,638,4600,1017,5797,7034,4380,424,6480,679,5602,2638,558,2181,6253,424,1974,5083,3673,3650,4647,3532,2570,4600,2613,7034,4380,424,679,4253,1846,424,1974,6017,3456,2570,4600,4253,7034,4380,3632,2613,2868,4253,1864,3250,1864,2613,638,6531,679,4385,3761,2510,3707,5873,758,5081,679,1621,1146,424,679,4253,2868,1864,3250,2290,6531,679,4385,1864,2613,424,2066,3761,5906,5873,758,5081,679,1621,1146,3632,5003,424,5873,1435,6303,638,5475,1864,816,6018,679,6531,1864,816,1217,6533,424,4867,638,705,679,4623,1864,638,5671,2510,3707,5873,758,5081,679,3268,1864,816.0,1890.0,6709.0,424.0,638.0,4791.0,4083.0,2518.0,3761.0,43.0,6107.0,4253.0,2381.0,3250.0,1864.0,2613.0,679.0,2613.0,2381.0,1670.0,5480.0,4253.0,424.0,2066.0,4867.0,638.0,705.0,679.0,5671.0,2510.0,3707.0,5873.0,758.0,5081.0,679.0,6785.0,424.0,638.0,652.0,679.0,4385.0,6490.0,3632.0,2514.0,3143.0,6303.0,,,,,,,,,,,,,,,,,,,,,,,,,,,,,,,,,,,,,,,,,,,,
682,5233,5447,5458,6624,3578,2047,5682,2584,222,2687,151,552,5476,4419,6141,3632,4131,441,5682,2584,6080,5476,6155,267,4419,222,3323,3632,3496,4064,378,1836,1957,5880,4064,592,5081,2570,758,608,5081,608,4380,424,4059,3761,6303,7063,5271,424,5833,424,6595,6018,6480,679,5602,6612,2830,424,6253,1974,6740,3456,507,1621,6559,4204,6303,4146,4425,1889,6498,4506,424,570,1178,424,3993,3181,2570,608,6612,608,4380,424,679,424,2036,3925,424,6253,424,1974,3612,3456,507,1621,6559,4204,6303,4146,4425,4492,2014,362,6264,424,5805,390,3853,424,2622,3058,2570,608,4327,608,4380,3632,2600,333,6612,2233,6359,1864,4529,679,6579,1475,679,2362,590,4411,679,6188.0,1864.0,679.0,78.0,7207.0,679.0,3203.0,679.0,2646.0,1943.0,2258.0,1864.0,3808.0,357.0,4257.0,638.0,7098.0,6924.0,7139.0,679.0,6513.0,4327.0,1559.0,1864.0,4784.0,351.0,2196.0,5188.0,6612.0,5145.0,120.0,4145.0,679.0,6359.0,1864.0,528.0,1475.0,2146.0,1864.0,6612.0,5145.0,3808.0,357.0,3632.0,1836.0,448.0,424.0,5003.0,424.0,5962.0,,,,,,,,,,,,,,,,,,,,,,,,,,,,,,,,,,,,,,,,
682,3245,5447,4131,5458,3169,6624,3578,4415,424,1523,7125,6967,4998,6404,424,5682,2584,222,295,3665,2469,2562,2570,3945,4380,2980,6075,2687,2570,1287,4380,6537,4798,2954,2248,2608,841,5014,143,3632,597,1836,1957,597,1836,2570,4600,3031,5081,7034,4380,6595,6018,3761,6303,5324,5372,424,5460,2570,638,4600,1017,5797,7034,4380,6480,679,5602,4376,424,6253,424,1974,3612,3456,507,6559,4268,4425,6208,6617,4115,424,5852,486,424,3993,2591,2570,4600,4376,7034,4380,679,4820,6468,424,6253,424,1974,3612,3456,424,507,6559,4268,4425,3872,2731,923,424,3377,811,424,3785,570,1178,424,3993,424,6838,2570,4600,4820,7034,4380,3632,4376,679,4820,2210,816,2535,1864,6104.0,6480.0,5423.0,3551.0,4313.0,424.0,3761.0,1974.0,4600.0,1309.0,7034.0,679.0,5931.0,424.0,3761.0,638.0,4600.0,1805.0,3632.0,7034.0,3068.0,333.0,4820.0,5515.0,528.0,5779.0,6587.0,1291.0,5869.0,542.0,4064.0,6748.0,1932.0,6303.0,577.0,424.0,679.0,4820.0,7116.0,2290.0,6587.0,1864.0,4376.0,5523.0,2887.0,528.0,5217.0,679.0,1664.0,4376.0,5081.0,4059.0,3761.0,6303.0,159.0,1605.0,424.0,3905.0,2570.0,638.0,4600.0,6915.0,5081.0,7034.0,4380.0,3632.0,6513.0,4376.0,,,,,,,,,,,,,,,,,,,,,,
682,1563,5447,4131,5458,3169,6624,3578,4415,424,1523,7125,6967,4998,6404,424,5682,2584,222,295,3665,2469,2980,6075,2687,6537,4798,2954,2248,2608,267,4419,74,841,5014,143,3632,1512,399,1836,1957,4069,2515,5081,2570,758,4600,5081,7034,4380,424,3747,3761,6303,243,2412,424,3905,2570,638,4600,1017,5797,7034,4380,424,6595,6480,679,5602,1108,2122,424,4167,424,1974,4075,5304,423,4946,3532,2570,4600,1108,7034,4380,5188,5318,6303,1013,679,1621,2900,679,255,424,6253,424,1974,3612,3456,2570,638,4600,2478,7034,3551,4600,255,7034,4380,3632,1108,679,638,2478,2662,2263,2535,1864,6104,3761,1974,4600,1309,7034,679,5931,3761,638,4600,1805,7034,3632,2600,3223,424.0,1108.0,6595.0,1974.0,3345.0,4274.0,6303.0,6223.0,679.0,6339.0,6776.0,454.0,424.0,7138.0,679.0,1475.0,1754.0,6019.0,5752.0,424.0,3848.0,1621.0,1939.0,2422.0,2029.0,3223.0,424.0,638.0,2478.0,2233.0,535.0,3802.0,652.0,424.0,6304.0,679.0,5169.0,652.0,424.0,679.0,3656.0,4618.0,2976.0,5648.0,,,,,,,,,,,,,,,,,,,,,,,,,,,,,,,,,,,,,,,,,,,,,,
682,102,4553,5488,1836,2514,139,4650,2518,2887,638,2185,2208,1184,6997,5472,3548,1864,638,104,6303,359,6997,4877,3831,424,5129,257,2635,7030,3460,4297,424,6303,2514,1369,2181,6253,424,4059,3761,6303,243,2085,424,7081,424,6595,424,679,1374,1146,3404,2570,3848,1146,5188,2185,2198,4380,1360,6480,2035,6303,638,139,2381,816,424,4984,5188,5318,6303,2035,6303,2060,3824,1864,679,5873,5555,5472,638,2618,6303,1688,4243,4380,5523,638,3555,1882,5943,6303,6517,424,3761,1920,3632,1253,68,424,1753,2570,5797,4380,2068,5656,4289,1095,774,1273,2570,5501,4380,1095,774,1273,424,4797,2570,3282,1184,2096,4380,4394,774,3438,4289,1095,774,1273,2570,5501,4380,2412,,,,,,,,,,,,,,,,,,,,,,,,,,,,,,,,,,,,,,,,,,,,,,,,,,,,,,,,,,,,,,,,,,,,,,,,,,,,,,,,,,,,,,,,,,
2047,5010,2506,31,5168,1836,1957,2694,5081,2570,758,4600,5081,7034,4380,6595,6018,679,4058,4108,3761,6303,4796,424,5460,2570,638,4600,1017,5797,7034,4380,424,5602,41,5316,424,6253,424,1974,517,3456,5472,1974,6559,4204,6303,4146,4425,2716,6934,4064,4685,424,3633,424,1525,424,1371,2570,4600,41,7034,4380,424,679,3851,41,2830,424,4167,424,1974,3612,423,4946,3532,5472,1974,6559,4204,6303,4146,4425,6967,4998,6404,2570,4600,5954,6896,2478,7034,4380,2570,2035,6303,41,679,5954,6896,2478,6595,1974,4600,3813,5269,2364,2662,638,4600,1805,7034,4380,3632,3068,333,41,679,1621,304,2570,5931,424,4600,41,1805,7034,4380,4164,5194,1974,5779,5725,2863,2887,6054.0,1267.0,5480.0,2184.0,2309.0,424.0,4526.0,1838.0,2570.0,4600.0,2024.0,7034.0,4380.0,679.0,367.0,5978.0,2570.0,4600.0,3857.0,7034.0,4380.0,6019.0,638.0,2777.0,6303.0,3167.0,5232.0,2570.0,4600.0,1895.0,7034.0,4380.0,1267.0,2887.0,6150.0,816.0,6269.0,6019.0,1974.0,6412.0,6303.0,5351.0,4529.0,3632.0,6513.0,6186.0,5472.0,638.0,6380.0,6303.0,758.0,5081.0,424.0,41.0,4642.0,424.0,4167.0,424.0,1974.0,3612.0,423.0,2696.0,,,,,,,,,,,,,,,,,,,,,,,,,,,,
2506,31,3496,4064,378,2687,1139,1836,5880,4064,592,679,652,5081,424,3747,3761,6303,159,2677,424,5833,2570,758,608,5081,608,4380,424,5602,2405,5402,1424,424,6253,424,1974,3612,3456,2570,608,1424,608,4380,424,679,3567,424,6253,2570,1432,5911,3761,6066,3369,424,6253,4380,424,1974,3612,3456,2570,608,677,608,4380,3632,6172,3945,3780,6717,4020,2869,2869,4020,3780,3637,6107,3223,424,1424,6595,1974,3345,4274,679,1333,6303,3054,565,1401,3223,424,677,6595,1974,3345,5188,4064,6875,4274,6303,6983,402,2570,5470,4380,1054,6531,679,2259,638,6983,679,2519,606,5188,5470,1864,3250,2436,5688,679,5468,3223,424,2035,6303,1424,679,677,2868,1864,5890,4064,4895.0,1974.0,677.0,3054.0,5470.0,1390.0,565.0,2678.0,2570.0,638.0,608.0,4591.0,5165.0,3223.0,424.0,1424.0,2868.0,1864.0,6616.0,560.0,679.0,6858.0,1621.0,3054.0,565.0,5688.0,5188.0,4064.0,6875.0,4494.0,638.0,5374.0,3223.0,424.0,1424.0,1345.0,5658.0,1864.0,3250.0,1864.0,677.0,528.0,6531.0,5873.0,4468.0,5472.0,638.0,4591.0,2805.0,679.0,677.0,1345.0,,,,,,,,,,,,,,,,,,,,,,,,,,,,,,,,,,,,,,
682,5303,2506,31,2632,1836,4059,1253,5372,424,2379,5602,2723,6121,5711,1139,7126,424,5971,1314,4174,424,1026,679,4887,424,2175,3632,2632,1836,1957,3794,5081,2570,758,4600,5081,7034,4380,4059,3761,6303,1253,5372,424,2379,2570,638,4600,1017,5797,7034,4380,6595,6480,679,5602,609,424,6253,2570,4600,260,7034,4380,424,202,5539,535,652,1846,2570,4600,3702,7034,4380,424,679,4347,2866,4363,424,1026,2570,4600,4363,7034,4380,3632,6972,758,5081,424,3702,679,4363,5242,5931,816,2535,1864,3761,4600,4711,3632,7034,2600,333,4363,6595,1974,559,6303,6443,679,2489,424,679,424,3761,2290,424,6595,2342,1864,4533,4133,3071,2527,1864,1613,6443,679,2489,4363,5922,5480.0,6247.0,5027.0,5873.0,5555.0,5472.0,638.0,705.0,679.0,5671.0,6303.0,6247.0,4991.0,5843.0,679.0,6640.0,3632.0,6513.0,260.0,6595.0,1974.0,6073.0,4600.0,7216.0,1822.0,6345.0,7034.0,5472.0,6443.0,679.0,1974.0,6073.0,4600.0,5066.0,5430.0,4274.0,7034.0,5472.0,2489.0,679.0,6595.0,5873.0,638.0,4146.0,6303.0,6285.0,679.0,681.0,535.0,4363.0,2805.0,2258.0,424.0,4110.0,535.0,6604.0,,,,,,,,,,,,,,,,,,,,,,,,,,,,,,,,,,
1259,3807,6107,4289,3490,6891,4450,1071,424,1965,679,5741,5081,1957,4450,1071,424,1965,679,5741,5081,638,2570,4600,5081,7034,4380,6595,4058,4108,5188,1253,3740,424,5460,6480,679,5602,3490,6891,424,3556,6303,4569,2570,4199,2535,1864,3761,4600,3807,7034,4380,679,1543,1629,424,3556,6303,1543,5145,5094,4565,424,3605,2570,4199,2535,1864,3761,4600,2478,7034,4380,3632,2677,3632,4450,1071,679,1965,3632,3807,3483,1864,1053,1864,2478,638,3278,6303,5129,3025,2570,638,4600,4177,5866,7034,4380,1864,5788,679,1250,1974,5033,6019,3807,2570,638,4600,3807,4450,7034,4380,5873,5555,5472,638,3870,3309,6303,3562,424,3002,1864,758,5081,3761,682,333,2570,1974,4380,4889,3737,3632.0,4952.0,1317.0,1864.0,638.0,3309.0,6303.0,3562.0,2597.0,638.0,6380.0,6303.0,758.0,5081.0,1097.0,5426.0,3562.0,1542.0,816.0,7175.0,1864.0,679.0,5568.0,6480.0,2478.0,5873.0,2257.0,3761.0,1974.0,4600.0,4889.0,256.0,7034.0,3632.0,2514.0,4665.0,6303.0,1374.0,2290.0,1317.0,2381.0,816.0,6180.0,1864.0,638.0,4177.0,5866.0,3632.0,5426.0,3562.0,2381.0,816.0,4413.0,3761.0,638.0,7076.0,3551.0,4433.0,6303.0,6951.0,424.0,5263.0,424.0,3551.0,,,,,,,,,,,,,,,,,,,,,,,,,,
682,1563,1731,597,1836,1731,597,1836,2570,638,4600,5081,7034,4380,4059,5132,2677,424,7081,2570,638,4600,1017,5797,7034,4380,5602,5074,3103,5730,4167,424,1974,3612,423,4946,3532,5472,1621,72,4425,7072,4507,5639,5085,424,802,5837,424,2622,4418,2570,4600,250,7034,4380,424,679,5056,4167,424,1974,3612,423,4946,3532,5472,1621,72,4425,7072,4507,5639,5085,424,802,5837,424,2622,4418,2570,4600,503,7034,4380,3632,250,679,503,2662,2535,1864,4313,4425,5892,3761,1974,4600,1309,7034,679,5931,4425,5892,3761,638,4600,1805,7034,3632,3068,333,250,4129,3192,6758,6303,5688,6269,5873,638,5163,679,2495,5430,4582,3632,6513,503,4129,3192,6758,6303,5688,424,3848,528.0,5688.0,6303.0,638.0,1365.0,6018.0,6480.0,250.0,424.0,1864.0,1621.0,5027.0,3632.0,191.0,2514.0,1805.0,2662.0,5261.0,4108.0,758.0,5081.0,1864.0,1229.0,638.0,705.0,679.0,5671.0,5523.0,1291.0,250.0,2210.0,2518.0,1864.0,3229.0,3613.0,5688.0,1864.0,503.0,424.0,679.0,503.0,2210.0,2518.0,1864.0,2616.0,3613.0,5688.0,5480.0,250.0,6019.0,9.0,71.0,6480.0,503.0,1864.0,1621.0,4146.0,,,,,,,,,,,,,,,,,,,,,,,,,,,,,,,,,
682,1563,3330,1777,1475,1345,5477,1576,5480,758,6607,5511,91,6595,3099,2570,6835,4380,1451,5542,679,2570,3252,4380,135,816,5957,4459,232,965,4543,3632,801,452,6857,3946,6067,2928,1836,1957,2322,3120,4109,5329,6245,1965,5081,2570,758,4600,5081,7034,4380,6480,679,5602,1240,5932,424,6253,424,1974,6740,3456,6441,1184,4718,1184,555,467,3679,1222,2570,4600,1240,7034,4380,679,912,4109,2515,1841,424,6253,424,1974,6160,3456,2570,4600,4523,7034,4380,424,6595,4058,4108,3761,6303,1605,4064,6350,4064,7081,424,7081,2570,638,4600,1017,5797,7034,4380,3632,3223,424,4523,6595,5873,638,4146,6303,681,424,1822,679,1185,2570,3848,4661,4064,1185,4380,6303,1374,5873,4064.0,4707.0,2117.0,3551.0,5430.0,3236.0,5873.0,5119.0,116.0,1047.0,958.0,679.0,2941.0,424.0,3941.0,3952.0,424.0,679.0,2020.0,5873.0,1374.0,1647.0,6303.0,192.0,3551.0,5323.0,1864.0,4793.0,3551.0,1191.0,2606.0,424.0,3848.0,424.0,5916.0,1451.0,423.0,1864.0,424.0,3862.0,424.0,4646.0,424.0,1406.0,424.0,6731.0,424.0,679.0,5050.0,424.0,679.0,7088.0,2117.0,3551.0,5468.0,3223.0,424.0,1240.0,332.0,3551.0,1590.0,,,,,,,,,,,,,,,,,,,,,,,,,,,,,
682,5010,6967,4998,6404,3948,6075,6130,5682,2584,222,2687,7010,2837,4131,441,5682,2584,6080,3632,4001,2623,222,6075,5682,2584,151,5476,4419,447,2687,4892,6141,4358,267,5636,1115,2389,1378,4419,447,4892,203,6921,6517,424,6596,2130,5774,5081,301,630,4964,424,6253,679,944,3767,424,6253,6967,4998,6404,3948,6075,6130,5682,2584,222,2687,7010,2837,4131,441,5682,2584,6080,3632,4001,2623,222,6075,5682,2584,151,5476,4419,447,2687,4892,6141,4358,267,5636,1115,2389,1378,4419,447,4892,203,6921,6517,424,6596,2130,2167,1836,1957,5774,5081,2570,4600,5081,7034,4380,6595,6018,679,4058,4108,3761,6303,638,7221,573,6303,5147,424,5460,2570,638,4600,1017,5797,7034,4380.0,6480.0,679.0,5602.0,630.0,4964.0,424.0,6253.0,424.0,1974.0,3612.0,3456.0,424.0,5472.0,4268.0,2769.0,4425.0,5030.0,3073.0,3785.0,424.0,3377.0,4185.0,424.0,3343.0,424.0,1465.0,446.0,2570.0,4600.0,630.0,7034.0,4380.0,424.0,679.0,944.0,3767.0,424.0,6253.0,424.0,1974.0,3612.0,3456.0,424.0,,,,,,,,,,,,,,,,,,,,,,,,,,,,,,,,,,,,,,,,,,,,,,
682,5010,2047,4266,1684,2687,3754,1836,1684,2687,3754,1836,4059,3761,6303,6831,424,3696,2570,638,608,1017,5797,608,4380,424,5602,704,2830,424,6253,424,1974,3612,3456,2570,608,704,608,4380,424,679,2005,424,6253,424,1974,6740,3456,2570,608,2005,608,4380,3632,6558,705,6269,6104,679,1451,4413,6104,2381,4164,638,3182,4599,1864,6222,5873,3473,2795,5081,2570,3761,4413,1397,4380,3632,2829,6107,3223,424,704,679,2005,4164,4058,4108,1205,3473,2795,1443,2053,6915,5081,4059,3761,6303,6831,4263,424,3696,2570,638,608,3473,2795,5081,608,4380,3824,1864,1291,424,2960,6579,6432,424,2005,1345,5658,1864,3229,679,450,528,7208,1864,2526,679,3223,424,5873,4468,5472.0,638.0,3473.0,2795.0,5081.0,424.0,704.0,2868.0,6019.0,2005.0,1864.0,3250.0,528.0,6531.0,1864.0,704.0,424.0,679.0,2005.0,1559.0,1864.0,2251.0,2290.0,6531.0,5873.0,5555.0,6219.0,3632.0,448.0,424.0,5003.0,424.0,4623.0,1864.0,638.0,705.0,424.0,5671.0,424.0,2476.0,679.0,2618.0,6303.0,758.0,5081.0,424.0,2035.0,6303.0,704.0,679.0,2005.0,869.0,3080.0,1205.0,,,,,,,,,,,,,,,,,,,,,,,,,,,,,,,,,,,,
